item_code,scale,subscale,scale_score,reverse_keyed,force_response,n_categories,response_range,value_set_id,prompt_de,item_text_de,drop,notes
ASC_aag_1,ASC (Dunwoody & Funke 2016),Authoritarian aggression,asc_agg,no,yes,6,1-6,agree_1_6,Wie sehr stimmen Sie dieser Aussage zu oder nicht zu?,"Gegen Gruppen, die unsere Gesellschaft bedrohen, muss mit Härte vorgegangen werden.",no,
ASC_aag_2,ASC (Dunwoody & Funke 2016),Authoritarian aggression,asc_agg,no,yes,6,1-6,agree_1_6,Wie sehr stimmen Sie dieser Aussage zu oder nicht zu?,"Es ist notwendig, Gewalt gegen Menschen anzuwenden, die eine Bedrohung für die Autorität darstellen.",no,
ASC_aag_3_r,ASC (Dunwoody & Funke 2016),Authoritarian aggression,asc_agg,yes,yes,6,1-6,agree_1_6,Wie sehr stimmen Sie dieser Aussage zu oder nicht zu?,Die Polizei sollte Gewalt gegen Tatverdächtige vermeiden.,no,reverse-keyed: stored 1..6 as displayed; reverse-score before aggregation (AP3)
ASC_aag_4_r,ASC (Dunwoody & Funke 2016),Authoritarian aggression,asc_agg,yes,yes,6,1-6,agree_1_6,Wie sehr stimmen Sie dieser Aussage zu oder nicht zu?,"Man sollte Gewalt gegen andere vermeiden, selbst wenn dies von den zuständigen Behörden angeordnet wird.",no,reverse-keyed: stored 1..6 as displayed; reverse-score before aggregation (AP3)
ASC_aag_5_r,ASC (Dunwoody & Funke 2016),Authoritarian aggression,asc_agg,yes,yes,6,1-6,agree_1_6,Wie sehr stimmen Sie dieser Aussage zu oder nicht zu?,"Die Anwendung von Gewalt gegen Menschen ist falsch, selbst wenn sie von Autoritätspersonen ausgeübt wird.",no,reverse-keyed: stored 1..6 as displayed; reverse-score before aggregation (AP3)
ASC_aag_6,ASC (Dunwoody & Funke 2016),Authoritarian aggression,asc_agg,no,yes,6,1-6,agree_1_6,Wie sehr stimmen Sie dieser Aussage zu oder nicht zu?,"Harte Strafen sind notwendig, um ein Zeichen zu setzen.",no,
ASC_con_1_r,ASC (Dunwoody & Funke 2016),Conventionalism,asc_conv,yes,yes,6,1-6,agree_1_6,Wie sehr stimmen Sie dieser Aussage zu oder nicht zu?,Menschen legen allgemein zu viel Wert auf Tradition.,no,reverse-keyed: stored 1..6 as displayed; reverse-score before aggregation (AP3)
ASC_con_2,ASC (Dunwoody & Funke 2016),Conventionalism,asc_conv,no,yes,6,1-6,agree_1_6,Wie sehr stimmen Sie dieser Aussage zu oder nicht zu?,Traditionen sollten respektiert werden.,no,
ASC_con_3,ASC (Dunwoody & Funke 2016),Conventionalism,asc_conv,no,yes,6,1-6,agree_1_6,Wie sehr stimmen Sie dieser Aussage zu oder nicht zu?,Traditionen sind die Grundlage einer gesunden Gesellschaft.,no,
ASC_con_4,ASC (Dunwoody & Funke 2016),Conventionalism,asc_conv,no,yes,6,1-6,agree_1_6,Wie sehr stimmen Sie dieser Aussage zu oder nicht zu?,"Es wäre besser für unsere Gesellschaft, wenn mehr Leute soziale Normen einhalten würden.",no,
ASC_con_5_r,ASC (Dunwoody & Funke 2016),Conventionalism,asc_conv,yes,yes,6,1-6,agree_1_6,Wie sehr stimmen Sie dieser Aussage zu oder nicht zu?,Traditionen behindern den Fortschritt.,no,reverse-keyed: stored 1..6 as displayed; reverse-score before aggregation (AP3)
ASC_con_6_r,ASC (Dunwoody & Funke 2016),Conventionalism,asc_conv,yes,yes,6,1-6,agree_1_6,Wie sehr stimmen Sie dieser Aussage zu oder nicht zu?,"Man sollte gesellschaftliche Traditionen hinterfragen, um unsere Gesellschaft voranzubringen.",no,reverse-keyed: stored 1..6 as displayed; reverse-score before aggregation (AP3)
ASC_con_7,ASC (Dunwoody & Funke 2016),Conventionalism,asc_conv,no,yes,6,1-6,agree_1_6,Wie sehr stimmen Sie dieser Aussage zu oder nicht zu?,Man sollte sich an soziale Normen halten.,no,
ASC_asu_1,ASC (Dunwoody & Funke 2016),Authoritarian submission,asc_sub,no,yes,6,1-6,agree_1_6,Wie sehr stimmen Sie dieser Aussage zu oder nicht zu?,"Wir sollten glauben, was unsere führenden Persönlichkeiten sagen.",no,
ASC_asu_2,ASC (Dunwoody & Funke 2016),Authoritarian submission,asc_sub,no,yes,6,1-6,agree_1_6,Wie sehr stimmen Sie dieser Aussage zu oder nicht zu?,"Unsere führenden Persönlichkeiten wissen, was am besten für uns ist.",no,
ASC_asu_3_r,ASC (Dunwoody & Funke 2016),Authoritarian submission,asc_sub,yes,yes,6,1-6,agree_1_6,Wie sehr stimmen Sie dieser Aussage zu oder nicht zu?,Man sollte Aussagen von Autoritätspersonen kritisch sehen.,no,reverse-keyed: stored 1..6 as displayed; reverse-score before aggregation (AP3)
ASC_asu_4,ASC (Dunwoody & Funke 2016),Authoritarian submission,asc_sub,no,yes,6,1-6,agree_1_6,Wie sehr stimmen Sie dieser Aussage zu oder nicht zu?,Autoritätspersonen sagen meistens die Wahrheit.,no,
ASC_asu_5_r,ASC (Dunwoody & Funke 2016),Authoritarian submission,asc_sub,yes,yes,6,1-6,agree_1_6,Wie sehr stimmen Sie dieser Aussage zu oder nicht zu?,Man sollte Aussagen von Autoritätspersonen skeptisch gegenüberstehen.,no,reverse-keyed: stored 1..6 as displayed; reverse-score before aggregation (AP3)
ASC_asu_6_r,ASC (Dunwoody & Funke 2016),Authoritarian submission,asc_sub,yes,yes,6,1-6,agree_1_6,Wie sehr stimmen Sie dieser Aussage zu oder nicht zu?,"Es ist gut für unsere Gesellschaft, die Motive von Autoritätspersonen zu hinterfragen.",no,reverse-keyed: stored 1..6 as displayed; reverse-score before aggregation (AP3)
UMS_ach_1,UMS-6 (Schoenbrodt & Gerstenberg 2012),Achievement,zm_achievement,no,yes,6,1-6,importance_1_6,,"Wie wichtig ist Ihnen folgendes Ziel? Meine Leistung stets auf einem hohem Niveau zu halten, ist ...",no,
UMS_ach_2,UMS-6 (Schoenbrodt & Gerstenberg 2012),Achievement,zm_achievement,no,yes,6,1-6,importance_1_6,,"Wie wichtig ist Ihnen folgendes Ziel? Arbeit von hoher Qualität zu leisten, ist ...",no,
UMS_ach_3,UMS-6 (Schoenbrodt & Gerstenberg 2012),Achievement,zm_achievement,no,yes,6,1-6,importance_1_6,,"Wie wichtig ist Ihnen folgendes Ziel? Projekte, die mich bis an die Grenze meiner Leistungsfähigkeit bringen, sind ...",no,
UMS_ach_4,UMS-6 (Schoenbrodt & Gerstenberg 2012),Achievement,zm_achievement,no,yes,6,1-6,importance_1_6,,"Wie wichtig ist Ihnen folgendes Ziel? Mich ständig zu verbessern, ist ...",no,
UMS_ach_5,UMS-6 (Schoenbrodt & Gerstenberg 2012),Achievement,zm_achievement,no,yes,6,1-6,importance_1_6,,"Wie wichtig ist Ihnen folgendes Ziel? Ständig neue, interessante und herausfordernde Ziele und Projekte sind ...",no,
UMS_ach_6,UMS-6 (Schoenbrodt & Gerstenberg 2012),Achievement,zm_achievement,no,yes,6,1-6,importance_1_6,,"Wie wichtig ist Ihnen folgendes Ziel? Verantwortung für schwierige und herausfordernde Aufgaben und Ziele zu übernehmen, ist ...",no,
UMS_int_1,UMS-6 (Schoenbrodt & Gerstenberg 2012),Intimacy,zm_security,no,yes,6,1-6,importance_1_6,,"Wie wichtig ist Ihnen folgendes Ziel? Eine tiefgehende Beziehung zu haben, ist ...",no,
UMS_int_2,UMS-6 (Schoenbrodt & Gerstenberg 2012),Intimacy,zm_security,no,yes,6,1-6,importance_1_6,,"Wie wichtig ist Ihnen folgendes Ziel? Zuneigung und Liebe zu geben, ist ...",no,
UMS_int_3,UMS-6 (Schoenbrodt & Gerstenberg 2012),Intimacy,zm_security,no,yes,6,1-6,agree_1_6,Wie sehr stimmen Sie dieser Aussage zu oder nicht?,"In einer Partnerschaft wünsche ich mir, vollständig im Anderen aufzugehen.",no,
UMS_int_4,UMS-6 (Schoenbrodt & Gerstenberg 2012),Intimacy,zm_security,no,yes,6,1-6,agree_1_6,Wie sehr stimmen Sie dieser Aussage zu oder nicht?,"In einer Partnerschaft wünsche ich mir, alle positiven und negativen Gefühle teilen zu können.",no,
UMS_int_5,UMS-6 (Schoenbrodt & Gerstenberg 2012),Intimacy,zm_security,no,yes,6,1-6,importance_1_6,,"Wie wichtig ist Ihnen folgendes Ziel? Nicht von den Menschen getrennt zu sein, die mir wirklich wichtig sind, ist ...",no,
UMS_int_6,UMS-6 (Schoenbrodt & Gerstenberg 2012),Intimacy,zm_security,no,yes,6,1-6,agree_1_6,Wie sehr stimmen Sie dieser Aussage zu oder nicht?,"Sich nahezukommen, ist das Einzige, was zählt im Leben.",no,
DOPL_dom_1,DOPL-6 (Suessenbach et al. 2019),Dominance,zm_power,no,yes,6,1-6,agree_1_6,Wie sehr stimmen Sie dieser Aussage zu oder nicht?,"Ich genieße es, andere meinem Willen zu unterwerfen.",no,
DOPL_dom_2,DOPL-6 (Suessenbach et al. 2019),Dominance,zm_power,no,yes,6,1-6,agree_1_6,Wie sehr stimmen Sie dieser Aussage zu oder nicht?,"Ich versuche, andere unter meinen Einfluss zu bekommen, anstatt zuzulassen, dass sie mich kontrollieren.",no,
DOPL_dom_3,DOPL-6 (Suessenbach et al. 2019),Dominance,zm_power,no,yes,6,1-6,agree_1_6,Wie sehr stimmen Sie dieser Aussage zu oder nicht?,"Ich bin bereit, auch aggressive Strategien anzuwenden, um meinen Willen durchzusetzen.",no,
DOPL_dom_4,DOPL-6 (Suessenbach et al. 2019),Dominance,zm_power,no,yes,6,1-6,agree_1_6,Wie sehr stimmen Sie dieser Aussage zu oder nicht?,"Wenn mich Leute herausfordern, nehme ich in Kauf, sie zu demütigen.",no,
DOPL_dom_5,DOPL-6 (Suessenbach et al. 2019),Dominance,zm_power,no,yes,6,1-6,agree_1_6,Wie sehr stimmen Sie dieser Aussage zu oder nicht?,Ich will andere um meinen Finger wickeln.,no,
DOPL_dom_6,DOPL-6 (Suessenbach et al. 2019),Dominance,zm_power,no,yes,6,1-6,agree_1_6,Wie sehr stimmen Sie dieser Aussage zu oder nicht?,"Ich versuche oft meinen Willen durchzusetzen, unabhängig davon, was andere wollen.",no,
DOPL_pre_1,DOPL-6 (Suessenbach et al. 2019),Prestige,zm_prestige,no,yes,6,1-6,agree_1_6,Wie sehr stimmen Sie dieser Aussage zu oder nicht?,"Ich erzähle oft anderen davon, wenn ich etwas Tolles erreicht habe.",no,
DOPL_pre_2,DOPL-6 (Suessenbach et al. 2019),Prestige,zm_prestige,no,yes,6,1-6,agree_1_6,Wie sehr stimmen Sie dieser Aussage zu oder nicht?,"Es macht mich traurig, wenn niemand meinen besonderen Fähigkeiten und Talenten Beachtung schenkt.",no,
DOPL_pre_3,DOPL-6 (Suessenbach et al. 2019),Prestige,zm_prestige,no,yes,6,1-6,agree_1_6,Wie sehr stimmen Sie dieser Aussage zu oder nicht?,"Erfolg bedeutet, respektiert zu werden.",no,
DOPL_pre_4,DOPL-6 (Suessenbach et al. 2019),Prestige,zm_prestige,no,yes,6,1-6,agree_1_6,Wie sehr stimmen Sie dieser Aussage zu oder nicht?,"Es macht mich glücklich, wenn ich anderen meine erfolgreichen Leistungen präsentieren kann.",no,
DOPL_pre_5,DOPL-6 (Suessenbach et al. 2019),Prestige,zm_prestige,no,yes,6,1-6,importance_1_6,,Wie wichtig ist Ihnen folgendes Ziel? Anerkennung von anderen Menschen ist ...,no,
DOPL_pre_6,DOPL-6 (Suessenbach et al. 2019),Prestige,zm_prestige,no,yes,6,1-6,importance_1_6,,"Wie wichtig ist Ihnen folgendes Ziel? Von anderen Leuten respektiert und bewundert zu werden, ist ...",no,
UNT_1_r,Social neophilia,Social neophilia,zm_arousal,yes,yes,6,1-6,agree_1_6,Wie sehr stimmen Sie dieser Aussage zu oder nicht?,"Wenn ich unbekannte Menschen kennenlerne, löst dies Unbehagen bei mir aus.",no,reverse-keyed: stored 1..6 as displayed; reverse-score before aggregation (AP3)
UNT_2,Social neophilia,Social neophilia,zm_arousal,no,yes,6,1-6,agree_1_6,Wie sehr stimmen Sie dieser Aussage zu oder nicht?,"Ich finde es reizvoll, in Situationen wie einer Zugfahrt oder im Flugzeug ein Gespräch mit einer mir fremden Person zu beginnen.",no,
UNT_3,Social neophilia,Social neophilia,zm_arousal,no,yes,6,1-6,agree_1_6,Wie sehr stimmen Sie dieser Aussage zu oder nicht?,"Wenn ich längere Zeit nur mit mir vertrauten Menschen verbringe, drängt es mich danach, jemanden Neues kennenzulernen.",no,
UNT_4_r,Social neophilia,Social neophilia,zm_arousal,yes,yes,6,1-6,agree_1_6,Wie sehr stimmen Sie dieser Aussage zu oder nicht?,"Auf Feiern oder ähnlichen gesellschaftlichen Unternehmungen verspüre ich kaum das Bedürfnis, aktiv das Gespräch mit Personen zu suchen, die ich noch nicht kenne.",no,reverse-keyed: stored 1..6 as displayed; reverse-score before aggregation (AP3)
UNT_5,Social neophilia,Social neophilia,zm_arousal,no,yes,6,1-6,agree_1_6,Wie sehr stimmen Sie dieser Aussage zu oder nicht?,"Wenn ich das Verhalten einer Person noch gar nicht einschätzen kann, löst dies Neugierde in mir aus.",no,
UNT_6,Social neophilia,Social neophilia,zm_arousal,no,yes,6,1-6,agree_1_6,Wie sehr stimmen Sie dieser Aussage zu oder nicht?,"Wenn ich auf einer Veranstaltung bin, auf der sowohl mir bekannte als auch fremde Personen anwesend sind, suche ich aktiv das Gespräch mit Menschen, die ich zuvor noch nicht kennengelernt habe.",no,
SDO-D_1,"SDO-D, dominance subscale (Ho et al. 2015)",Dominance,sdo_dom,no,yes,6,1-6,agree_ich_1_6,Wie sehr stimmen Sie dieser Aussage zu oder nicht zu?,Manche soziale Gruppen müssen in ihrer gesellschaftlichen Stellung gehalten werden.,no,
SDO-D_2,"SDO-D, dominance subscale (Ho et al. 2015)",Dominance,sdo_dom,no,yes,6,1-6,agree_ich_1_6,Wie sehr stimmen Sie dieser Aussage zu oder nicht zu?,"Es ist wahrscheinlich eine gute Sache, dass bestimmte soziale Gruppen ganz oben und andere ganz unten stehen.",no,
SDO-D_3,"SDO-D, dominance subscale (Ho et al. 2015)",Dominance,sdo_dom,no,yes,6,1-6,agree_ich_1_6,Wie sehr stimmen Sie dieser Aussage zu oder nicht zu?,"Eine ideale Gesellschaft erfordert, dass manche soziale Gruppen ganz oben stehen und andere ganz unten.",no,
SDO-D_4,"SDO-D, dominance subscale (Ho et al. 2015)",Dominance,sdo_dom,no,yes,6,1-6,agree_ich_1_6,Wie sehr stimmen Sie dieser Aussage zu oder nicht zu?,Manche soziale Gruppen sind einfach weniger wert als andere soziale Gruppen.,no,
SDO-D_5_r,"SDO-D, dominance subscale (Ho et al. 2015)",Dominance,sdo_dom,yes,yes,6,1-6,agree_ich_1_6,Wie sehr stimmen Sie dieser Aussage zu oder nicht zu?,Sozialen Gruppen ganz unten steht genauso viel zu wie den sozialen Gruppen ganz oben.,no,reverse-keyed: stored 1..6 as displayed; reverse-score before aggregation (AP3)
SDO-D_6_r,"SDO-D, dominance subscale (Ho et al. 2015)",Dominance,sdo_dom,yes,yes,6,1-6,agree_ich_1_6,Wie sehr stimmen Sie dieser Aussage zu oder nicht zu?,Keine einzelne soziale Gruppe sollte die Gesellschaft dominieren.,no,reverse-keyed: stored 1..6 as displayed; reverse-score before aggregation (AP3)
SDO-D_7_r,"SDO-D, dominance subscale (Ho et al. 2015)",Dominance,sdo_dom,yes,yes,6,1-6,agree_ich_1_6,Wie sehr stimmen Sie dieser Aussage zu oder nicht zu?,Soziale Gruppen ganz unten sollten nicht in ihrer gesellschaftlichen Stellung bleiben müssen.,no,reverse-keyed: stored 1..6 as displayed; reverse-score before aggregation (AP3)
SDO-D_8_r,"SDO-D, dominance subscale (Ho et al. 2015)",Dominance,sdo_dom,yes,yes,6,1-6,agree_ich_1_6,Wie sehr stimmen Sie dieser Aussage zu oder nicht zu?,"Es ist ein schlechtes Prinzip, wenn eine soziale Gruppe über andere soziale Gruppen bestimmt.",no,reverse-keyed: stored 1..6 as displayed; reverse-score before aggregation (AP3)
demo_age,Demographics,,,no,yes,,,,,Wie alt sind Sie in Jahren?,,
demo_bundesland,Demographics,,,no,yes,16,1-16,bundesland_1_16,,"Und in welchem Bundesland wohnen Sie? Wenn Sie mehrere Wohnsitze haben, geben Sie bitte das Bundesland an, in dem sich Ihr Hauptwohnsitz befindet.",,
demo_edu_school,Demographics,,,no,yes,6,1-9,school_education_1_9,,Welchen höchsten allgemeinbildenden Schulabschluss haben Sie?,,
demo_gender,Demographics,,,no,yes,3,1-3,gender_1_3,,Was ist Ihr Geschlecht?,,
demo_hh_members,Demographics,,,no,yes,8,1-8,household_size_1_8,,"Wie viele Personen leben ständig in Ihrem Haushalt, Sie selbst eingeschlossen? Zu diesem Haushalt zählen alle Personen, die hier gemeinsam wohnen und wirtschaften (z. B. vom gleichen Einkommen leben). Denken Sie auch an alle im Haushalt lebenden Kinder.",,
demo_income_hh_net,Demographics,,,no,yes,13,1-13,household_income_1_13,,"Wie hoch ist das monatliche Netto-Einkommen Ihres Haushaltes insgesamt? Gemeint ist die Summe, die nach Abzug von Steuern und Sozialversicherungsbeiträgen übrig bleibt.",,
pol_left_right,Political self-report (descriptive),,,no,no,11,0-10,left_right_0_10,,"In der Politik spricht man manchmal von ""links"" und ""rechts"". Wo auf der Skala würden Sie sich selbst einstufen, wenn 0 für links steht und 10 für rechts?",,
pol_party_vote,Political self-report (descriptive),,,no,yes,9,1-802,gles_party_vote,,"Wenn am nächsten Sonntag Bundestagswahl wäre, welche Partei würden Sie wählen?",,
pol_symp_afd,Party scalometer,Party sympathy (quota input),,no,yes,7,-3-3,party_sympathy_minus3_3,,Was halten Sie von der AfD?,,
pol_symp_cdu_csu,Party scalometer,Party sympathy (quota input),,no,yes,7,-3-3,party_sympathy_minus3_3,,Was halten Sie von CDU/CSU?,,
pol_symp_fdp,Party scalometer,Party sympathy (quota input),,no,yes,7,-3-3,party_sympathy_minus3_3,,Was halten Sie von der FDP?,,
pol_symp_greens,Party scalometer,Party sympathy (quota input),,no,yes,7,-3-3,party_sympathy_minus3_3,,Was halten Sie von den Grünen?,,
pol_symp_linke,Party scalometer,Party sympathy (quota input),,no,yes,7,-3-3,party_sympathy_minus3_3,,Was halten Sie von der Linken?,,
pol_symp_spd,Party scalometer,Party sympathy (quota input),,no,yes,7,-3-3,party_sympathy_minus3_3,,Was halten Sie von der SPD?,,
pol_vote_would,Political self-report (descriptive),,,no,no,2,1-2,yes_no_1_2,,"Wenn am nächsten Sonntag Bundestagswahl wäre, würden Sie wählen gehen?",,
attentioncheck_1,Attention check,,,no,yes,6,1-6,agree_1_6,,"Bitte wählen Sie die Antwortoption ""Stimme eher nicht zu"" aus, um zu zeigen, dass Sie diese Frage aufmerksam gelesen haben.",,
attentioncheck_2,Attention check,,,no,yes,6,1-6,agree_1_6,,"Bitte wählen Sie die Antwortoption ""Stimme zu"" aus, um zu zeigen, dass Sie diese Frage aufmerksam gelesen haben.",,
consent_check,Consent confirmation,,,no,yes,2,1-2,consent_1_2,,Bitte wählen Sie eine der folgenden Optionen:,,
info_teilnahme_2,Participation/consent,,,no,no,1,1-1,show_button_1,,"Wenn Sie die detaillierten Informationen zum Umgang mit personenbezogenen Daten anzeigen möchten, wählen Sie bitte Anzeigen .",,
unused_attentioncheck_2,Attention check (unused),,,no,yes,6,1-6,agree_1_6,,"Bitte wählen Sie die Antwortoption ""Stimme zu"" aus, um zu zeigen, dass Sie diese Frage aufmerksam gelesen haben.",,not analysed; superseded duplicate of attentioncheck_2
Kommentarfeld,Open comment,,,no,no,,,,,"Vielen Dank für Ihre Teilnahme! Mit Klick auf den blauen Pfeil ist die Umfrage abgeschlossen. Wenn Sie uns zuvor noch etwas mitteilen möchten, können Sie folgendes Kommentarfeld gerne dafür nutzen:",,
bilendi_id,Survey Flow (embedded data),,,no,,,,,,,,"Panel respondent ID passed via the survey URL. Test-vs-real split: numeric = real respondent, qt_ prefix = test, empty = preview."
possibly_conservative,Survey Flow (embedded data),,,no,,,,,,,,"Helper flag 0/1: 1 if AfD, CDU/CSU, or FDP scalometer is strictly positive."
possibly_left,Survey Flow (embedded data),,,no,,,,,,,,"Helper flag 0/1: 1 if SPD, Die Linke, or Buendnis 90/Die Gruenen scalometer is strictly positive."
quota_group,Survey Flow (embedded data),,,no,,,,,,,,"Political-leaning quota cell {left_leaning, conservative_leaning, mixed}. Sampling/quota variable only, not modeled. First ~100 completes blank/wrong; taken from the export; blank cells computed from pol_symp_* by the M4 rule (AP3)."
survey_status,Survey Flow (embedded data),,,no,,,,,,,,"Flow-set disposition, e.g. quota_full on a full cell."
survey_status_detail,Survey Flow (embedded data),,,no,,,,,,,,"Quota detail, e.g. quota_left_leaning / quota_conservative_leaning / quota_mixed."
