outcome,outcome_key,response_column,role,slope_sd,label,family,nu_fixed,fit_available,fit_valid,gate_status,note,variable,estimate,sd,q_lo,q_hi,p_positive,p_negative,ess_bulk,ess_tail,rhat,mcse_median,mcse_q_lo,mcse_q_hi,term,term_type,hdi_lo,hdi_hi,unavailable,r2_median,r2_lo,r2_hi
authoritarian_aggression,asc_agg,asc_agg_z,primary,0.2,primary,gaussian,,TRUE,TRUE,ok,,b_Intercept,-0.169602,0.048729332550402,-0.26290507499999993,-0.07168629999999998,0,1,7348.051198645774,3110.114879113978,1.0016681811670942,7.854999999999945e-4,0.0027970000000000217,0.0023191000000000045,Intercept,intercept,-0.261411,-0.0708401,,,,
authoritarian_aggression,asc_agg,asc_agg_z,primary,0.2,primary,gaussian,,TRUE,TRUE,ok,,b_zm_security_z,0.01327,0.03872441532016367,-0.06361826749999998,0.08824401250000004,0.631,0.369,6867.68636551873,3272.045796553914,1.0008975522834516,7.774999999999995e-4,0.0014597500000000027,0.0017214499999999994,zm_security,predictor,-0.0627932,0.0891643,,,,
authoritarian_aggression,asc_agg,asc_agg_z,primary,0.2,primary,gaussian,,TRUE,TRUE,ok,,b_zm_arousal_z,-0.0257919,0.036927263295291037,-0.0985958,0.045841795000000005,0.251,0.749,6850.454655398977,3398.0341741602397,1.0019571927863968,5.617499999999997e-4,0.0018374499999999974,0.0013859500000000004,zm_arousal,predictor,-0.0964248,0.0473805,,,,
authoritarian_aggression,asc_agg,asc_agg_z,primary,0.2,primary,gaussian,,TRUE,TRUE,ok,,b_zm_power_z,0.2167475,0.038887263651614705,0.14121177500000004,0.29300774999999996,1,0,7015.919932355884,3619.671608255341,1.0003599957748395,5.774999999999947e-4,0.0027480000000000004,0.0018275000000000097,zm_power,predictor,0.143645,0.29488,,,,
authoritarian_aggression,asc_agg,asc_agg_z,primary,0.2,primary,gaussian,,TRUE,TRUE,ok,,b_zm_prestige_z,0.0361678,0.04013782180346514,-0.04067387999999999,0.1163093,0.814,0.186,6358.769297566668,3165.7799437506933,1.00219318600886,8.758999999999989e-4,0.0012768000000000015,0.001573999999999999,zm_prestige,predictor,-0.0453905,0.111206,,,,
authoritarian_aggression,asc_agg,asc_agg_z,primary,0.2,primary,gaussian,,TRUE,TRUE,ok,,b_zm_achievement_z,-0.0964917,0.03914632823898742,-0.170967725,-0.021484512499999983,0.00675,0.99325,6522.068339485807,3383.6154696273343,1.000747334012561,6.506999999999971e-4,0.0016945000000000016,0.0016158500000000003,zm_achievement,predictor,-0.171155,-0.0215517,,,,
authoritarian_aggression,asc_agg,asc_agg_z,primary,0.2,primary,gaussian,,TRUE,TRUE,ok,,b_age_z,0.002415855,0.03563480678608293,-0.07039354499999999,0.07368150250000001,0.524,0.476,8204.274392473559,2867.8587551304217,1.0008114948668398,0.00045163499999999993,0.002726949999999999,0.0025222000000000022,age,covariate,-0.0641494,0.0771017,,,,
authoritarian_aggression,asc_agg,asc_agg_z,primary,0.2,primary,gaussian,,TRUE,TRUE,ok,,b_gendermale,0.3531835,0.07027943598628773,0.2129060750000001,0.49202587500000006,1,0,7383.739752692166,3046.800078508747,1.0013367261072696,9.799999999999809e-4,0.004479500000000011,0.003260000000000013,gendermale,covariate,0.221495,0.499754,,,,
authoritarian_aggression,asc_agg,asc_agg_z,primary,0.2,primary,gaussian,,TRUE,TRUE,ok,,b_income_z,-0.0893932,0.03546626472909286,-0.15799185,-0.02204727749999998,0.00625,0.99375,8571.69148595818,3088.9751478839394,1.001407816555052,5.022999999999972e-4,8.029999999999982e-4,0.0018639,income,covariate,-0.159502,-0.0237725,,,,
authoritarian_aggression,asc_agg,asc_agg_z,primary,0.2,primary,gaussian,,TRUE,TRUE,ok,,sigma,0.9471315,0.025980899521100533,0.8986080750000001,0.999145475,1,0,9316.596461235651,2855.3873241833476,1.0003324312765316,4.8599999999998644e-4,0.0013290000000000246,0.0013419999999999543,sigma,sigma,,,,,,
authoritarian_submission,asc_sub,asc_sub_z,primary,0.2,primary,gaussian,,TRUE,TRUE,ok,,b_Intercept,0.016703049999999997,0.05104927079880139,-0.08192766,0.11526957500000001,0.6225,0.3775,7861.877514534576,2947.3453791428446,1.0017363365174006,7.971999999999996e-4,0.0014900499999999997,0.0017399999999999985,Intercept,intercept,-0.0826504,0.114082,,,,
authoritarian_submission,asc_sub,asc_sub_z,primary,0.2,primary,gaussian,,TRUE,TRUE,ok,,b_zm_security_z,-0.02828,0.03977036863428519,-0.10717697499999997,0.048148275000000004,0.231,0.769,7397.061284244245,2365.9805911551125,1.001656398812173,6.344000000000002e-4,0.0015975000000000017,0.0018481499999999998,zm_security,predictor,-0.108748,0.0462667,,,,
authoritarian_submission,asc_sub,asc_sub_z,primary,0.2,primary,gaussian,,TRUE,TRUE,ok,,b_zm_arousal_z,-0.130387,0.03908785051610072,-0.20832007499999997,-0.05425755999999999,5e-4,0.9995,8760.653264200573,2907.829523362179,1.0013701854862602,5.859999999999893e-4,0.0015390000000000126,0.001700550000000002,zm_arousal,predictor,-0.210242,-0.0563418,,,,
authoritarian_submission,asc_sub,asc_sub_z,primary,0.2,primary,gaussian,,TRUE,TRUE,ok,,b_zm_power_z,-0.0160355,0.039333535856679765,-0.0914361425,0.05988076250000002,0.349,0.651,7270.840420380342,3349.005329923127,1.0011545324585736,7.127499999999998e-4,0.0017876000000000003,0.0019262500000000009,zm_power,predictor,-0.0917903,0.0590509,,,,
authoritarian_submission,asc_sub,asc_sub_z,primary,0.2,primary,gaussian,,TRUE,TRUE,ok,,b_zm_prestige_z,0.0021592449999999997,0.04090478597256575,-0.07803753,0.08423095500000002,0.5245,0.4755,6728.960128268423,3382.112624103802,1.0002100384257033,5.500199999999999e-4,0.0021819000000000005,0.0019102999999999967,zm_prestige,predictor,-0.075237299999999993,0.0859075,,,,
authoritarian_submission,asc_sub,asc_sub_z,primary,0.2,primary,gaussian,,TRUE,TRUE,ok,,b_zm_achievement_z,-0.11861949999999999,0.039063680415746996,-0.19432357499999997,-0.03956882749999998,0.00125,0.99875,6241.232377666186,3127.3818652365344,1.001204932907122,5.869999999999972e-4,0.0013130000000000086,0.0014396499999999972,zm_achievement,predictor,-0.18834,-0.0340364,,,,
authoritarian_submission,asc_sub,asc_sub_z,primary,0.2,primary,gaussian,,TRUE,TRUE,ok,,b_age_z,0.041744699999999996,0.03660833982147708,-0.030218709999999992,0.11188987500000003,0.86675,0.13325,8055.820668652814,2769.4131607682107,1.0005963737971542,5.60950000000001e-4,0.0018232000000000005,0.0015535000000000063,age,covariate,-0.0282761,0.113213,,,,
authoritarian_submission,asc_sub,asc_sub_z,primary,0.2,primary,gaussian,,TRUE,TRUE,ok,,b_gendermale,-0.033594849999999996,0.07527514533781032,-0.179229275,0.11291630000000001,0.332,0.668,7551.510111262887,3029.993174007386,0.9996789491847753,0.00104775,0.005033999999999997,0.003354999999999997,gendermale,covariate,-0.177954,0.113624,,,,
authoritarian_submission,asc_sub,asc_sub_z,primary,0.2,primary,gaussian,,TRUE,TRUE,ok,,b_income_z,-0.0138102,0.03592327681552138,-0.08435152999999998,0.05743613750000001,0.3525,0.6475,7337.445936622535,2916.4658779991746,1.0035779233660125,6.005000000000003e-4,0.0021175000000000013,0.0017926499999999998,income,covariate,-0.0825691,0.0589288,,,,
authoritarian_submission,asc_sub,asc_sub_z,primary,0.2,primary,gaussian,,TRUE,TRUE,ok,,sigma,0.9814134999999999,0.027568523106555106,0.929047375,1.0382807500000002,1,0,7094.8958067424555,2921.117614333241,1.0000486352693354,4.104999999999803e-4,0.001527500000000015,0.0012550000000000061,sigma,sigma,,,,,,
conventionalism,asc_conv,asc_conv_z,primary,0.2,primary,gaussian,,TRUE,TRUE,ok,,b_Intercept,0.02078585,0.04928643969706954,-0.07706956749999994,0.11688902500000001,0.65275,0.34725,7865.736948672681,2970.996383964926,1.0005618411822612,6.697999999999999e-4,0.002965749999999996,0.0029435000000000017,Intercept,intercept,-0.0770516,0.116968,,,,
conventionalism,asc_conv,asc_conv_z,primary,0.2,primary,gaussian,,TRUE,TRUE,ok,,b_zm_security_z,0.15604849999999998,0.03844426032060865,0.07985457250000003,0.22978017500000003,1,0,7161.061086400626,3455.5646023714153,1.000077894679475,5.629999999999941e-4,0.001616850000000003,0.0016914999999999986,zm_security,predictor,0.0743563,0.223208,,,,
conventionalism,asc_conv,asc_conv_z,primary,0.2,primary,gaussian,,TRUE,TRUE,ok,,b_zm_arousal_z,-0.20172800000000002,0.037689917591748785,-0.27443839999999997,-0.12612817499999995,0,1,7804.106015023982,3177.5936439383954,0.9993669840593591,7.754999999999984e-4,0.0013859999999999983,0.0014545000000000044,zm_arousal,predictor,-0.274617,-0.126584,,,,
conventionalism,asc_conv,asc_conv_z,primary,0.2,primary,gaussian,,TRUE,TRUE,ok,,b_zm_power_z,-0.032354049999999995,0.038055871220881325,-0.108747025,0.042337785,0.1985,0.8015,6270.470991203861,3392.6764834515393,1.0008200920596289,7.185000000000004e-4,0.0024684999999999985,0.0012750000000000018,zm_power,predictor,-0.105314,0.0438909,,,,
conventionalism,asc_conv,asc_conv_z,primary,0.2,primary,gaussian,,TRUE,TRUE,ok,,b_zm_prestige_z,-0.0929305,0.04015928542917468,-0.17236947499999997,-0.015189789999999996,0.0075,0.9925,6764.391417299902,3740.3222599389856,1.000860255115711,6.189500000000001e-4,0.0019025000000000014,0.0013586499999999994,zm_prestige,predictor,-0.172354,-0.0151465,,,,
conventionalism,asc_conv,asc_conv_z,primary,0.2,primary,gaussian,,TRUE,TRUE,ok,,b_zm_achievement_z,-0.1343305,0.03843199945972957,-0.210323425,-0.05904040999999998,0,1,6626.576954529469,3539.5716929522996,1.0004009361713564,5.739999999999912e-4,0.0016009999999999913,0.001568,zm_achievement,predictor,-0.205895,-0.0551661,,,,
conventionalism,asc_conv,asc_conv_z,primary,0.2,primary,gaussian,,TRUE,TRUE,ok,,b_age_z,0.112692,0.036172898005241295,0.043281035,0.1849411,0.999,0.001,6152.083679974719,3297.3769927983576,1.0000666365865831,7.010000000000002e-4,0.0013410499999999999,0.0015519999999999978,age,covariate,0.041414,0.182053,,,,
conventionalism,asc_conv,asc_conv_z,primary,0.2,primary,gaussian,,TRUE,TRUE,ok,,b_gendermale,-0.04162445,0.07233103229164897,-0.18150434999999995,0.10111200000000004,0.282,0.718,7403.428299409536,3056.133590704626,1.0003454576747077,0.0013191000000000001,0.004045500000000007,0.0037766499999999995,gendermale,covariate,-0.179829,0.102084,,,,
conventionalism,asc_conv,asc_conv_z,primary,0.2,primary,gaussian,,TRUE,TRUE,ok,,b_income_z,-0.04424675,0.03592610041425836,-0.11501857499999998,0.024466232500000004,0.114,0.886,7575.683440304994,2796.9095557555725,1.0038412209475067,4.733999999999988e-4,0.0019339999999999982,0.0016786500000000003,income,covariate,-0.113478,0.0254005,,,,
conventionalism,asc_conv,asc_conv_z,primary,0.2,primary,gaussian,,TRUE,TRUE,ok,,sigma,0.94497,0.025137448759926684,0.8969402,0.99585365,1,0,7493.031962810251,3098.3746256348713,1.0008100658241532,4.5399999999995444e-4,0.0010965000000000003,0.0010669999999999846,sigma,sigma,,,,,,
sdo_d_dominance,sdo_dom,sdo_dom_z,primary,0.2,primary,gaussian,,TRUE,TRUE,ok,,b_Intercept,-0.31948,0.04543983798479929,-0.40745719999999996,-0.22868804999999998,0,1,6292.315104430688,3329.506112923223,1.0019735453437089,8.845000000000103e-4,0.0020670000000000133,0.0016404999999999892,Intercept,intercept,-0.406828,-0.228235,,,,
sdo_d_dominance,sdo_dom,sdo_dom_z,primary,0.2,primary,gaussian,,TRUE,TRUE,ok,,b_zm_security_z,-0.005603965000000001,0.03645300796577025,-0.07558862,0.06660708,0.43975,0.56025,7392.617624695113,3026.0756332503033,1.0003450940027125,4.4375000000000013e-4,0.0014353000000000005,0.0017489499999999991,zm_security,predictor,-0.0770552,0.0644775,,,,
sdo_d_dominance,sdo_dom,sdo_dom_z,primary,0.2,primary,gaussian,,TRUE,TRUE,ok,,b_zm_arousal_z,-0.008804395,0.035456343692971494,-0.07824764999999999,0.06250542750000002,0.40425,0.59575,5414.597214313321,3144.321391821506,0.99987427657174,6.193199999999996e-4,0.00197725,0.0018714999999999982,zm_arousal,predictor,-0.0763713,0.0637089,,,,
sdo_d_dominance,sdo_dom,sdo_dom_z,primary,0.2,primary,gaussian,,TRUE,TRUE,ok,,b_zm_power_z,0.212423,0.037417290459287114,0.13761847500000002,0.28552545,1,0,6074.511381343163,3140.89385528412,1.0004125985864123,4.829999999999973e-4,0.0021685000000000038,0.0017800000000000038,zm_power,predictor,0.137813,0.285663,,,,
sdo_d_dominance,sdo_dom,sdo_dom_z,primary,0.2,primary,gaussian,,TRUE,TRUE,ok,,b_zm_prestige_z,0.1195005,0.037436776535643104,0.04680325500000001,0.1916367,0.999,0.001,6064.117824328976,3154.9660290734746,1.0007259424131976,5.964999999999998e-4,0.001719799999999997,0.002136000000000013,zm_prestige,predictor,0.0459832,0.190793,,,,
sdo_d_dominance,sdo_dom,sdo_dom_z,primary,0.2,primary,gaussian,,TRUE,TRUE,ok,,b_zm_achievement_z,0.027681650000000002,0.037098138677389564,-0.04523278999999999,0.100647625,0.774,0.226,6896.6854733663295,3243.517832432721,0.9998653181929339,5.944000000000001e-4,0.0015737500000000022,0.0018825499999999967,zm_achievement,predictor,-0.0411115,0.103631,,,,
sdo_d_dominance,sdo_dom,sdo_dom_z,primary,0.2,primary,gaussian,,TRUE,TRUE,ok,,b_age_z,-0.029736,0.03399417029583572,-0.0960657125,0.03816852750000002,0.19625,0.80375,7003.970451643204,2853.0436336166904,1.0010942744933415,5.199999999999996e-4,0.0018621999999999944,0.0017229500000000009,age,covariate,-0.0961052,0.0381616,,,,
sdo_d_dominance,sdo_dom,sdo_dom_z,primary,0.2,primary,gaussian,,TRUE,TRUE,ok,,b_gendermale,0.6660655,0.06781598431082637,0.5325091,0.79959815,1,0,6562.69737942362,3204.583303287114,1.0051424644735145,0.0010404999999999998,0.002770999999999968,0.004354499999999983,gendermale,covariate,0.530691,0.794943,,,,
sdo_d_dominance,sdo_dom,sdo_dom_z,primary,0.2,primary,gaussian,,TRUE,TRUE,ok,,b_income_z,-0.02753075,0.03308228585846097,-0.09342793499999998,0.03635178250000001,0.19625,0.80375,8153.894352054695,3149.034823960238,1.004478349194767,4.863999999999997e-4,0.0015998499999999999,0.0021609500000000018,income,covariate,-0.0957109,0.0331493,,,,
sdo_d_dominance,sdo_dom,sdo_dom_z,primary,0.2,primary,gaussian,,TRUE,TRUE,ok,,sigma,0.882316,0.024402041564092793,0.836544075,0.932746425,1,0,7258.625718480518,2922.719493817561,0.9999841098700432,4.0800000000001946e-4,0.0010149999999999881,0.0012795000000000445,sigma,sigma,,,,,,
authoritarian_aggression,asc_agg,asc_agg_z,sweep,0.1,skeptical,gaussian,,TRUE,TRUE,ok,,b_Intercept,-0.172506,0.04952215015752277,-0.26758742499999993,-0.0721224625,5e-4,0.9995,8127.1952039043435,2939.3096150422616,1.0030014805362286,7.660000000000028e-4,0.0020125000000000004,0.0024223499999999967,Intercept,intercept,-0.263607,-0.0684682,,,,
authoritarian_aggression,asc_agg,asc_agg_z,sweep,0.1,skeptical,gaussian,,TRUE,TRUE,ok,,b_zm_security_z,0.007873600000000001,0.03654347816345891,-0.0633949325,0.079401695,0.5875,0.4125,7207.4158440011015,3362.0075169200795,0.9996997621049531,5.905250000000002e-4,0.0017091000000000016,0.0014289499999999983,zm_security,predictor,-0.0638529,0.078554,,,,
authoritarian_aggression,asc_agg,asc_agg_z,sweep,0.1,skeptical,gaussian,,TRUE,TRUE,ok,,b_zm_arousal_z,-0.0224593,0.034588133333243856,-0.08886258499999997,0.04699592250000003,0.26275,0.73725,7055.271102887571,3104.563174269603,0.9996357676356891,4.5224999999999953e-4,0.0017416500000000043,0.002027649999999999,zm_arousal,predictor,-0.0945566,0.0412673,,,,
authoritarian_aggression,asc_agg,asc_agg_z,sweep,0.1,skeptical,gaussian,,TRUE,TRUE,ok,,b_zm_power_z,0.194578,0.03655692119326021,0.12353215000000001,0.26619297500000005,1,0,7459.732323100166,3561.331420289449,1.0014293644222743,0.00061449999999999005,0.0014850000000000002,0.0018684999999999952,zm_power,predictor,0.12321,0.26513,,,,
authoritarian_aggression,asc_agg,asc_agg_z,sweep,0.1,skeptical,gaussian,,TRUE,TRUE,ok,,b_zm_prestige_z,0.0354491,0.03775317159381714,-0.038411869999999994,0.1070407,0.83275,0.16725,6403.631676725156,2976.5404696002643,1.0002265391633267,6.367000000000005e-4,0.001881800000000003,0.001744500000000003,zm_prestige,predictor,-0.0374715,0.107584,,,,
authoritarian_aggression,asc_agg,asc_agg_z,sweep,0.1,skeptical,gaussian,,TRUE,TRUE,ok,,b_zm_achievement_z,-0.08362645,0.036614270784445936,-0.15609235,-0.009748099249999989,0.013,0.987,7038.144343701742,3258.773113747744,1.0015596628327395,5.242999999999984e-4,0.001286499999999996,0.0017534950000000007,zm_achievement,predictor,-0.157797,-0.0125107,,,,
authoritarian_aggression,asc_agg,asc_agg_z,sweep,0.1,skeptical,gaussian,,TRUE,TRUE,ok,,b_age_z,-7.864370000000001e-4,0.03463290003313785,-0.068008515,0.06856682750000001,0.489,0.511,7714.779219491815,3054.210831316651,1.0016392098106792,5.684295e-4,0.0016844999999999985,0.002576349999999998,age,covariate,-0.0712441,0.0648517,,,,
authoritarian_aggression,asc_agg,asc_agg_z,sweep,0.1,skeptical,gaussian,,TRUE,TRUE,ok,,b_gendermale,0.3596545,0.07426498063553251,0.21175415000000006,0.503371275,1,0,7422.784202939578,3019.2833824245963,1.0024311721884298,9.56499999999999e-4,0.004336999999999994,0.0035650000000000126,gendermale,covariate,0.21666,0.506783,,,,
authoritarian_aggression,asc_agg,asc_agg_z,sweep,0.1,skeptical,gaussian,,TRUE,TRUE,ok,,b_income_z,-0.08264830000000001,0.03469181430075276,-0.15230875,-0.015777584999999986,0.00825,0.99175,8573.559714471852,3305.048155064215,1.0006010496899227,5.940500000000057e-4,0.0014990000000000003,0.0016131999999999995,income,covariate,-0.153696,-0.0175422,,,,
authoritarian_aggression,asc_agg,asc_agg_z,sweep,0.1,skeptical,gaussian,,TRUE,TRUE,ok,,sigma,0.9467645,0.025190708571137855,0.898792975,0.999056125,1,0,6973.050794387281,2763.356190331686,1.000951345387803,3.990000000000382e-4,0.00115949999999998,0.0011214999999999975,sigma,sigma,,,,,,
authoritarian_submission,asc_sub,asc_sub_z,sweep,0.1,skeptical,gaussian,,TRUE,TRUE,ok,,b_Intercept,0.014622900000000001,0.05104982759955457,-0.0858003425,0.11446662499999999,0.614,0.386,8481.877182306835,3189.057369089666,1.0006199830324165,6.490999999999997e-4,0.0023466500000000057,0.002485000000000001,Intercept,intercept,-0.0866789,0.112987,,,,
authoritarian_submission,asc_sub,asc_sub_z,sweep,0.1,skeptical,gaussian,,TRUE,TRUE,ok,,b_zm_security_z,-0.0308046,0.03745874460467501,-0.10465567499999998,0.04379482750000001,0.2065,0.7935,7004.87947326859,2984.737076691261,1.0005211801515483,6.284000000000012e-4,0.0014865000000000017,0.0021902,zm_security,predictor,-0.105768,0.0410896,,,,
authoritarian_submission,asc_sub,asc_sub_z,sweep,0.1,skeptical,gaussian,,TRUE,TRUE,ok,,b_zm_arousal_z,-0.1203255,0.03609817891201018,-0.191596875,-0.048889052499999995,2.5e-4,0.99975,7726.180366305297,3244.6454892707006,1.000370721051727,4.854999999999998e-4,0.0018910000000000038,0.002325200000000003,zm_arousal,predictor,-0.192686,-0.0517792,,,,
authoritarian_submission,asc_sub,asc_sub_z,sweep,0.1,skeptical,gaussian,,TRUE,TRUE,ok,,b_zm_power_z,-0.01763415,0.038207156331722704,-0.09066268999999999,0.060414795000000014,0.3355,0.6645,6990.135961745159,3502.6968108861784,1.0003358214933942,7.644999999999996e-4,0.0011075499999999988,0.00157995,zm_power,predictor,-0.0926142,0.0568973,,,,
authoritarian_submission,asc_sub,asc_sub_z,sweep,0.1,skeptical,gaussian,,TRUE,TRUE,ok,,b_zm_prestige_z,-0.003264735,0.03845339510128455,-0.07882211749999998,0.07054484500000002,0.463,0.537,6431.502634691052,3128.6075577228444,1.0009979977102048,5.826e-4,0.002213149999999997,0.0021186499999999997,zm_prestige,predictor,-0.0790386,0.0701751,,,,
authoritarian_submission,asc_sub,asc_sub_z,sweep,0.1,skeptical,gaussian,,TRUE,TRUE,ok,,b_zm_achievement_z,-0.107848,0.038350562947279655,-0.18225514999999998,-0.03481981999999999,0.00175,0.99825,7220.934206031855,3310.392308919217,1.0039974822346387,6.130000000000024e-4,0.0019750000000000045,0.001963799999999998,zm_achievement,predictor,-0.181156,-0.0338872,,,,
authoritarian_submission,asc_sub,asc_sub_z,sweep,0.1,skeptical,gaussian,,TRUE,TRUE,ok,,b_age_z,0.0397173,0.0359450377592824,-0.03136373499999998,0.10810120000000001,0.86,0.14,6999.359468842908,2882.5316694466683,1.0006328654487744,5.625999999999999e-4,0.0019258999999999995,0.0014494999999999994,age,covariate,-0.0297069,0.109402,,,,
authoritarian_submission,asc_sub,asc_sub_z,sweep,0.1,skeptical,gaussian,,TRUE,TRUE,ok,,b_gendermale,-0.03105915,0.07531406104142678,-0.17919444999999998,0.11739630000000004,0.33,0.67,8773.401525279414,3031.0048210049927,1.0024009188305516,9.695499999999996e-4,0.004264000000000004,0.004533999999999996,gendermale,covariate,-0.169637,0.124847,,,,
authoritarian_submission,asc_sub,asc_sub_z,sweep,0.1,skeptical,gaussian,,TRUE,TRUE,ok,,b_income_z,-0.01203945,0.03523054789430905,-0.0809761925,0.05667025000000002,0.36525,0.63475,8747.202065692922,2936.0320071626925,1.003209258649628,5.321999999999992e-4,0.002069299999999996,0.0015802500000000018,income,covariate,-0.0771342,0.0597384,,,,
authoritarian_submission,asc_sub,asc_sub_z,sweep,0.1,skeptical,gaussian,,TRUE,TRUE,ok,,sigma,0.980795,0.026462934153983538,0.931685575,1.0341224999999998,1,0,8206.561651414147,2819.661538777441,0.9999970130353277,4.270000000000107e-4,0.0012250000000000316,0.0012699999999999934,sigma,sigma,,,,,,
conventionalism,asc_conv,asc_conv_z,sweep,0.1,skeptical,gaussian,,TRUE,TRUE,ok,,b_Intercept,0.021139150000000002,0.048084026056043574,-0.07427934,0.11458,0.673,0.327,7938.65355768651,2715.2184359136168,0.9996601642569255,6.870999999999995e-4,0.0033352000000000034,0.002145999999999995,Intercept,intercept,-0.0736128,0.115276,,,,
conventionalism,asc_conv,asc_conv_z,sweep,0.1,skeptical,gaussian,,TRUE,TRUE,ok,,b_zm_security_z,0.134184,0.036519272010249244,0.06459141250000001,0.207239475,1,0,7700.990373340934,3305.187278987379,1.0008281938896406,6.174999999999931e-4,0.0014355500000000007,0.001572000000000004,zm_security,predictor,0.0617859,0.202776,,,,
conventionalism,asc_conv,asc_conv_z,sweep,0.1,skeptical,gaussian,,TRUE,TRUE,ok,,b_zm_arousal_z,-0.18303049999999998,0.035759399502667794,-0.25241929999999996,-0.11449709999999996,0,1,7071.313336967663,2785.335557820981,0.9999858801534136,4.925000000000068e-4,0.001993500000000009,0.0012245000000000034,zm_arousal,predictor,-0.25247000000000003,-0.114504,,,,
conventionalism,asc_conv,asc_conv_z,sweep,0.1,skeptical,gaussian,,TRUE,TRUE,ok,,b_zm_power_z,-0.03760895,0.03650076199872958,-0.10993552499999996,0.03352547750000002,0.153,0.847,6858.2591900228135,3232.8646817898793,1.0002812227035922,5.805000000000012e-4,0.001803000000000006,0.0012876500000000013,zm_power,predictor,-0.106501,0.0363002,,,,
conventionalism,asc_conv,asc_conv_z,sweep,0.1,skeptical,gaussian,,TRUE,TRUE,ok,,b_zm_prestige_z,-0.08804355,0.03801108215490637,-0.16199219999999998,-0.01215609499999998,0.01225,0.98775,5877.269859834637,3132.338936739242,0.9996241491057868,6.16499999999999e-4,0.0014345000000000052,0.00252405,zm_prestige,predictor,-0.163409,-0.0151507,,,,
conventionalism,asc_conv,asc_conv_z,sweep,0.1,skeptical,gaussian,,TRUE,TRUE,ok,,b_zm_achievement_z,-0.120873,0.03712976933763767,-0.19476224999999997,-0.046970669999999985,5e-4,0.9995,6688.438585062293,2816.041075237377,1.000174988429526,8.184999999999998e-4,0.001305500000000001,0.002054849999999997,zm_achievement,predictor,-0.195435,-0.048688,,,,
conventionalism,asc_conv,asc_conv_z,sweep,0.1,skeptical,gaussian,,TRUE,TRUE,ok,,b_age_z,0.104482,0.03479770140303927,0.035516910000000006,0.173701025,0.99775,0.00225,7204.219946845683,2890.4647401576008,1.001066781818558,4.814999999999958e-4,0.001647700000000002,0.0023029999999999995,age,covariate,0.033288,0.169732,,,,
conventionalism,asc_conv,asc_conv_z,sweep,0.1,skeptical,gaussian,,TRUE,TRUE,ok,,b_gendermale,-0.0437095,0.07092387617587169,-0.18053024999999998,0.09789002500000002,0.26875,0.73125,8515.876556925723,2611.6373236747877,1.0022107732626782,9.42400000000003e-4,0.0020730000000000054,0.0035150499999999987,gendermale,covariate,-0.1821,0.0940593,,,,
conventionalism,asc_conv,asc_conv_z,sweep,0.1,skeptical,gaussian,,TRUE,TRUE,ok,,b_income_z,-0.039392949999999996,0.0342529308888846,-0.10646647499999995,0.027595097500000013,0.1255,0.8745,7576.517234955093,2864.670113006058,1.0005720538165646,4.299999999999998e-4,0.0023099999999999996,0.0013607999999999988,income,covariate,-0.104697,0.0284467,,,,
conventionalism,asc_conv,asc_conv_z,sweep,0.1,skeptical,gaussian,,TRUE,TRUE,ok,,sigma,0.945399,0.0253439153212053,0.8989552,0.9966077000000001,1,0,6794.460851025028,3031.403911501124,1.0015431184162935,3.994999999999971e-4,0.0010284999999999878,8.039999999999714e-4,sigma,sigma,,,,,,
sdo_d_dominance,sdo_dom,sdo_dom_z,sweep,0.1,skeptical,gaussian,,TRUE,TRUE,ok,,b_Intercept,-0.321801,0.046086010301607104,-0.4101165,-0.23338949999999997,0,1,6129.248535870052,2848.3514024113097,1.0005972778481436,7.900000000000129e-4,0.0026650000000000007,0.0020529999999999993,Intercept,intercept,-0.407607,-0.231775,,,,
sdo_d_dominance,sdo_dom,sdo_dom_z,sweep,0.1,skeptical,gaussian,,TRUE,TRUE,ok,,b_zm_security_z,-0.005655335,0.033426488122161833,-0.07074198749999999,0.06132807,0.43025,0.56975,5810.384962216233,3220.606530303766,1.0012062509067512,6.707750000000002e-4,0.0011858000000000007,0.002306199999999998,zm_security,predictor,-0.0720506,0.0585835,,,,
sdo_d_dominance,sdo_dom,sdo_dom_z,sweep,0.1,skeptical,gaussian,,TRUE,TRUE,ok,,b_zm_arousal_z,-0.0048163749999999995,0.034374594894943516,-0.07033961,0.0629587975,0.445,0.555,7493.081292800458,3388.537998278072,1.0039189585800237,4.6258500000000017e-4,0.0012202000000000046,0.0017491000000000034,zm_arousal,predictor,-0.0704743,0.0620729,,,,
sdo_d_dominance,sdo_dom,sdo_dom_z,sweep,0.1,skeptical,gaussian,,TRUE,TRUE,ok,,b_zm_power_z,0.1965105,0.03493211628869753,0.128489725,0.26622245,1,0,7484.054472445921,3353.2749092899003,0.9995856182829381,6.069999999999964e-4,0.0017804999999999904,0.001965500000000009,zm_power,predictor,0.128131,0.264729,,,,
sdo_d_dominance,sdo_dom,sdo_dom_z,sweep,0.1,skeptical,gaussian,,TRUE,TRUE,ok,,b_zm_prestige_z,0.1136125,0.035281043899792766,0.04420020000000001,0.18366017500000006,0.99925,7.5e-4,6204.789844639675,3266.1186336065407,1.0001633091670041,6.924999999999987e-4,0.0019770499999999976,0.0015459999999999918,zm_prestige,predictor,0.0464114,0.185772,,,,
sdo_d_dominance,sdo_dom,sdo_dom_z,sweep,0.1,skeptical,gaussian,,TRUE,TRUE,ok,,b_zm_achievement_z,0.02975585,0.0344503388029404,-0.03855760999999999,0.09617874000000001,0.806,0.194,6570.33935752109,2997.138454907064,1.0049698734035357,5.208500000000015e-4,0.0014874999999999992,0.0015732999999999997,zm_achievement,predictor,-0.0383717,0.0964803,,,,
sdo_d_dominance,sdo_dom,sdo_dom_z,sweep,0.1,skeptical,gaussian,,TRUE,TRUE,ok,,b_age_z,-0.0280759,0.032361016067720065,-0.0923909875,0.03509770000000001,0.19175,0.80825,8631.83959533949,3089.7961664073614,0.9998807938353553,4.627499999999996e-4,0.0015510000000000038,0.0019471999999999996,age,covariate,-0.0936517,0.0324594,,,,
sdo_d_dominance,sdo_dom,sdo_dom_z,sweep,0.1,skeptical,gaussian,,TRUE,TRUE,ok,,b_gendermale,0.6720815,0.06650475480897151,0.54356335,0.7992105500000001,1,0,6318.58835607297,2783.740370494691,1.0005397830236207,9.270000000000111e-4,0.0027794999999999903,0.0021729999999999805,gendermale,covariate,0.540732,0.795748,,,,
sdo_d_dominance,sdo_dom,sdo_dom_z,sweep,0.1,skeptical,gaussian,,TRUE,TRUE,ok,,b_income_z,-0.02555205,0.03150277807370503,-0.08773757499999998,0.035517532500000004,0.19875,0.80125,7879.425204397616,2909.324951392864,1.0016708698793912,5.240499999999999e-4,0.002028349999999998,0.001660749999999999,income,covariate,-0.0856576,0.0372691,,,,
sdo_d_dominance,sdo_dom,sdo_dom_z,sweep,0.1,skeptical,gaussian,,TRUE,TRUE,ok,,sigma,0.8820295,0.024177038624110254,0.8369844750000001,0.9315071749999999,1,0,8366.591386685768,3125.7272955412313,1.0018143053670834,4.3600000000004746e-4,6.864999999999788e-4,0.0016480000000000383,sigma,sigma,,,,,,
authoritarian_aggression,asc_agg,asc_agg_z,sweep,0.4,permissive,gaussian,,TRUE,TRUE,ok,,b_Intercept,-0.1678895,0.04885449648522044,-0.260769125,-0.07240080999999995,5e-4,0.9995,9488.949517635016,2934.8261736794484,1.0013727638438068,8.245000000000058e-4,0.0022139999999999938,0.0025022499999999975,Intercept,intercept,-0.263867,-0.0763796,,,,
authoritarian_aggression,asc_agg,asc_agg_z,sweep,0.4,permissive,gaussian,,TRUE,TRUE,ok,,b_zm_security_z,0.013493100000000001,0.038803259110158826,-0.06071370749999999,0.0917109925,0.6375,0.3625,6497.955785896819,2649.6027375331996,1.0011520301033294,7.976500000000004e-4,0.0026698,0.002407599999999996,zm_security,predictor,-0.0612394,0.090405,,,,
authoritarian_aggression,asc_agg,asc_agg_z,sweep,0.4,permissive,gaussian,,TRUE,TRUE,ok,,b_zm_arousal_z,-0.02732105,0.03857351034372339,-0.105809975,0.04746042000000002,0.23375,0.76625,5839.420314521838,2936.049999622549,0.9997920879053379,6.527000000000008e-4,0.0018915000000000043,0.0014400500000000017,zm_arousal,predictor,-0.105848,0.0474581,,,,
authoritarian_aggression,asc_agg,asc_agg_z,sweep,0.4,permissive,gaussian,,TRUE,TRUE,ok,,b_zm_power_z,0.2222325,0.039785577245111656,0.14449435000000002,0.30009755,1,0,6897.511401183797,3708.6759080599186,1.0020402904504209,6.579999999999919e-4,0.0019224999999999937,0.0015270000000000006,zm_power,predictor,0.144496,0.300119,,,,
authoritarian_aggression,asc_agg,asc_agg_z,sweep,0.4,permissive,gaussian,,TRUE,TRUE,ok,,b_zm_prestige_z,0.0359958,0.042146208876182915,-0.04605046,0.12042889999999999,0.80275,0.19725,6103.778785329518,3153.198465055901,1.000101320872011,9.260500000000012e-4,0.0015970500000000026,0.0013664999999999997,zm_prestige,predictor,-0.0499555,0.115226,,,,
authoritarian_aggression,asc_agg,asc_agg_z,sweep,0.4,permissive,gaussian,,TRUE,TRUE,ok,,b_zm_achievement_z,-0.0998255,0.04180058351858634,-0.18214777499999998,-0.017226292499999945,0.00725,0.99275,5931.710224816234,3079.2374483416197,1.0018018009726666,8.19300000000002e-4,0.001741500000000007,0.0022486000000000008,zm_achievement,predictor,-0.186008,-0.0227391,,,,
authoritarian_aggression,asc_agg,asc_agg_z,sweep,0.4,permissive,gaussian,,TRUE,TRUE,ok,,b_age_z,0.00308259,0.0360215741807893,-0.06783806999999997,0.07165169500000002,0.53425,0.46575,7011.573586032887,3229.2706360399898,1.00214503257814,6.745000000000002e-4,0.0012306499999999998,0.0012312999999999977,age,covariate,-0.0673877,0.0719094,,,,
authoritarian_aggression,asc_agg,asc_agg_z,sweep,0.4,permissive,gaussian,,TRUE,TRUE,ok,,b_gendermale,0.349335,0.07183756911917571,0.20647265000000004,0.4937398,1,0,8110.648492829943,3453.9635715675,1.0026087318660668,0.0013475000000000015,0.005069499999999991,0.003399000000000013,gendermale,covariate,0.215005,0.500138,,,,
authoritarian_aggression,asc_agg,asc_agg_z,sweep,0.4,permissive,gaussian,,TRUE,TRUE,ok,,b_income_z,-0.09083385,0.036688480476372444,-0.16357275,-0.01777472749999998,0.0065,0.9935,8077.8799063431225,2752.4935539021117,1.0012576888796199,3.359500000000015e-4,0.0013335000000000014,0.0017951500000000006,income,covariate,-0.167649,-0.0225421,,,,
authoritarian_aggression,asc_agg,asc_agg_z,sweep,0.4,permissive,gaussian,,TRUE,TRUE,ok,,sigma,0.9473005,0.025661682064036417,0.89875605,0.99854185,1,0,7815.323949496046,3053.076132399959,1.0043240963635798,3.994999999999971e-4,0.0011780000000000124,0.0011939999999999729,sigma,sigma,,,,,,
authoritarian_submission,asc_sub,asc_sub_z,sweep,0.4,permissive,gaussian,,TRUE,TRUE,ok,,b_Intercept,0.01650865,0.05161324973477657,-0.08481809250000001,0.11888615000000004,0.62425,0.37575,8523.113977223367,2739.877123697369,0.9996433475107347,8.791999999999993e-4,0.0023188500000000042,0.0019489999999999993,Intercept,intercept,-0.0828707,0.12062,,,,
authoritarian_submission,asc_sub,asc_sub_z,sweep,0.4,permissive,gaussian,,TRUE,TRUE,ok,,b_zm_security_z,-0.02735005,0.03985635321642831,-0.106919525,0.046852230000000036,0.2425,0.7575,6551.731000935755,3301.480864216507,1.0001669464787581,7.390999999999995e-4,0.0018620000000000025,0.0018042500000000003,zm_security,predictor,-0.107076,0.0464435,,,,
authoritarian_submission,asc_sub,asc_sub_z,sweep,0.4,permissive,gaussian,,TRUE,TRUE,ok,,b_zm_arousal_z,-0.134686,0.039462751105505935,-0.212030025,-0.0569060775,0,1,8120.65662375726,3058.1556252630676,0.9996822404709483,7.87999999999997e-4,0.0018129999999999952,0.002110599999999997,zm_arousal,predictor,-0.216651,-0.0625029,,,,
authoritarian_submission,asc_sub,asc_sub_z,sweep,0.4,permissive,gaussian,,TRUE,TRUE,ok,,b_zm_power_z,-0.014731000000000001,0.04181492276412038,-0.09758061,0.06389566500000003,0.36675,0.63325,5949.90393880593,2987.33909689145,1.0020304398528062,8.516499999999989e-4,0.0022288499999999975,0.0014001500000000028,zm_power,predictor,-0.0973047,0.0641648,,,,
authoritarian_submission,asc_sub,asc_sub_z,sweep,0.4,permissive,gaussian,,TRUE,TRUE,ok,,b_zm_prestige_z,0.00362546,0.04410241895660809,-0.08317839999999996,0.08918733250000001,0.5365,0.4635,6593.926252608847,2987.8358962014763,1.0012387447565543,8.0587e-4,0.002068599999999997,0.0026669999999999958,zm_prestige,predictor,-0.0875719,0.0835047,,,,
authoritarian_submission,asc_sub,asc_sub_z,sweep,0.4,permissive,gaussian,,TRUE,TRUE,ok,,b_zm_achievement_z,-0.120987,0.04063865124000712,-0.20309554999999999,-0.0439040575,0.0015,0.9985,6499.482936253138,3156.9101275624316,1.0003788762210535,6.449999999999997e-4,0.0017449999999999966,0.0019711999999999993,zm_achievement,predictor,-0.205095,-0.046261,,,,
authoritarian_submission,asc_sub,asc_sub_z,sweep,0.4,permissive,gaussian,,TRUE,TRUE,ok,,b_age_z,0.04368275,0.03693463123273759,-0.028886287499999996,0.11608555,0.873,0.127,8086.128763185062,3319.376092570577,1.0003599933334808,5.901999999999991e-4,0.0020678000000000016,0.0017084999999999947,age,covariate,-0.0288849,0.116107,,,,
authoritarian_submission,asc_sub,asc_sub_z,sweep,0.4,permissive,gaussian,,TRUE,TRUE,ok,,b_gendermale,-0.03568965,0.07402412783839012,-0.18342787499999996,0.10895062500000002,0.3145,0.6855,7707.690804857316,2699.5792974074475,1.000125494210128,0.0010523000000000025,0.0042875,0.00315,gendermale,covariate,-0.180585,0.110655,,,,
authoritarian_submission,asc_sub,asc_sub_z,sweep,0.4,permissive,gaussian,,TRUE,TRUE,ok,,b_income_z,-0.01374995,0.03671578847663663,-0.0849171825,0.057518635000000005,0.35925,0.64075,8788.943122596793,3395.584205790428,1.0015727407759913,6.850499999999995e-4,0.0026124499999999953,0.0023858499999999984,income,covariate,-0.0822519,0.0599864,,,,
authoritarian_submission,asc_sub,asc_sub_z,sweep,0.4,permissive,gaussian,,TRUE,TRUE,ok,,sigma,0.9804255,0.02625734126046336,0.932782525,1.0344860000000002,1,0,8514.896889131023,2826.101082629126,1.0005601616516326,4.4199999999999795e-4,8.31499999999985e-4,0.0024199999999999777,sigma,sigma,,,,,,
conventionalism,asc_conv,asc_conv_z,sweep,0.4,permissive,gaussian,,TRUE,TRUE,ok,,b_Intercept,0.0202398,0.04978015859178187,-0.07559470999999998,0.11477615000000002,0.65275,0.34725,7742.089641378922,3217.0862931745073,0.9998702438341062,9.312499999999998e-4,0.00208005,0.0024674999999999975,Intercept,intercept,-0.0771899,0.11255,,,,
conventionalism,asc_conv,asc_conv_z,sweep,0.4,permissive,gaussian,,TRUE,TRUE,ok,,b_zm_security_z,0.1638615,0.038734461643238,0.08884017250000002,0.24087657500000004,1,0,7044.42168539496,3244.503704770846,1.0009754739640155,6.595000000000073e-4,0.0022842500000000016,0.0015644999999999964,zm_security,predictor,0.0914517,0.24223,,,,
conventionalism,asc_conv,asc_conv_z,sweep,0.4,permissive,gaussian,,TRUE,TRUE,ok,,b_zm_arousal_z,-0.206271,0.03844628958333624,-0.2794076999999999,-0.129437475,0,1,7706.6968104827765,3416.9350477891503,1.001750956195839,6.104999999999999e-4,0.0016029999999999933,0.0012665000000000037,zm_arousal,predictor,-0.277539,-0.127945,,,,
conventionalism,asc_conv,asc_conv_z,sweep,0.4,permissive,gaussian,,TRUE,TRUE,ok,,b_zm_power_z,-0.029862649999999998,0.040342346403825606,-0.10883119999999999,0.04975516500000002,0.23075,0.76925,6599.908425379662,3160.4782568710893,0.9995119841671749,6.107000000000005e-4,0.0018280000000000032,0.001861100000000001,zm_power,predictor,-0.109378,0.0488778,,,,
conventionalism,asc_conv,asc_conv_z,sweep,0.4,permissive,gaussian,,TRUE,TRUE,ok,,b_zm_prestige_z,-0.09688045,0.0414417774883965,-0.17628044999999998,-0.014547099999999981,0.01125,0.98875,6347.793966075913,3086.1377924528565,1.0011645778177778,8.285499999999973e-4,0.0015150000000000025,0.00224215,zm_prestige,predictor,-0.17677,-0.0157231,,,,
conventionalism,asc_conv,asc_conv_z,sweep,0.4,permissive,gaussian,,TRUE,TRUE,ok,,b_zm_achievement_z,-0.137355,0.039453335978441355,-0.2140688,-0.060269272499999985,0.001,0.999,6801.243551921112,3281.476109376568,1.0009959667380335,6.889999999999952e-4,0.0013314999999999994,0.00248195,zm_achievement,predictor,-0.214341,-0.0621384,,,,
conventionalism,asc_conv,asc_conv_z,sweep,0.4,permissive,gaussian,,TRUE,TRUE,ok,,b_age_z,0.116162,0.036100251297517434,0.043712807500000006,0.18672742500000003,0.99975,2.5e-4,7296.058555044832,3354.9231211904016,1.000593765788405,7.945000000000035e-4,0.0017820999999999983,0.0016004999999999908,age,covariate,0.0436858,0.186719,,,,
conventionalism,asc_conv,asc_conv_z,sweep,0.4,permissive,gaussian,,TRUE,TRUE,ok,,b_gendermale,-0.038705550000000005,0.07234873344989447,-0.17990735,0.10221632500000001,0.29675,0.70325,7322.376234965478,3359.139441142099,0.9999734977174018,0.0016341499999999974,0.0033530000000000088,0.003009999999999999,gendermale,covariate,-0.177503,0.102973,,,,
conventionalism,asc_conv,asc_conv_z,sweep,0.4,permissive,gaussian,,TRUE,TRUE,ok,,b_income_z,-0.0459177,0.03577754682205872,-0.11480385,0.02362437500000001,0.09825,0.90175,7889.902887560558,2784.7803592191713,1.0004440539956443,6.85149999999999e-4,0.0017204999999999998,0.0019441500000000004,income,covariate,-0.114892,0.0232755,,,,
conventionalism,asc_conv,asc_conv_z,sweep,0.4,permissive,gaussian,,TRUE,TRUE,ok,,sigma,0.9447274999999999,0.025789558023901267,0.8969295,0.99684955,1,0,8091.502137253807,3146.8034086046755,1.0023618608070894,3.569999999999962e-4,0.0012054999999999705,0.001468999999999998,sigma,sigma,,,,,,
sdo_d_dominance,sdo_dom,sdo_dom_z,sweep,0.4,permissive,gaussian,,TRUE,TRUE,ok,,b_Intercept,-0.318495,0.04559048213079061,-0.40820855,-0.2308182,0,1,7259.095519867824,3040.0323958171534,1.0010463312112126,7.919999999999872e-4,0.0015199999999999936,0.0022240000000000038,Intercept,intercept,-0.410211,-0.233849,,,,
sdo_d_dominance,sdo_dom,sdo_dom_z,sweep,0.4,permissive,gaussian,,TRUE,TRUE,ok,,b_zm_security_z,-0.006004995,0.036395125412410315,-0.0754140625,0.0644871075,0.4325,0.5675,6270.586183267339,3395.3117660108746,1.0036968209600992,6.053400000000002e-4,0.0016366500000000034,0.0014749500000000026,zm_security,predictor,-0.0722978,0.0666323,,,,
sdo_d_dominance,sdo_dom,sdo_dom_z,sweep,0.4,permissive,gaussian,,TRUE,TRUE,ok,,b_zm_arousal_z,-0.00921261,0.03488286904015007,-0.07742852999999998,0.05907572,0.39375,0.60625,7318.60094753146,2993.036200954544,1.0015116643470643,5.948100000000003e-4,0.0011913500000000007,0.001396350000000001,zm_arousal,predictor,-0.0801786,0.0562284,,,,
sdo_d_dominance,sdo_dom,sdo_dom_z,sweep,0.4,permissive,gaussian,,TRUE,TRUE,ok,,b_zm_power_z,0.2161795,0.037162117661728285,0.14350965,0.29037212500000004,1,0,6404.212287197904,3088.2682785867037,1.0003566330615876,5.959999999999993e-4,0.0019939999999999958,0.002542500000000003,zm_power,predictor,0.143466,0.290288,,,,
sdo_d_dominance,sdo_dom,sdo_dom_z,sweep,0.4,permissive,gaussian,,TRUE,TRUE,ok,,b_zm_prestige_z,0.120998,0.038610635868835654,0.044362935000000006,0.196381625,0.99925,7.5e-4,6680.152534534518,3331.1873132201968,0.9997344221572496,7.230000000000014e-4,0.0017655000000000032,0.002093499999999998,zm_prestige,predictor,0.0424719,0.192472,,,,
sdo_d_dominance,sdo_dom,sdo_dom_z,sweep,0.4,permissive,gaussian,,TRUE,TRUE,ok,,b_zm_achievement_z,0.0285513,0.03786982114503908,-0.04654029,0.102393175,0.76975,0.23025,7041.094423461815,3200.0711151928926,0.9997855186094192,5.827999999999996e-4,0.0020166499999999983,0.001566999999999999,zm_achievement,predictor,-0.0442847,0.104124,,,,
sdo_d_dominance,sdo_dom,sdo_dom_z,sweep,0.4,permissive,gaussian,,TRUE,TRUE,ok,,b_age_z,-0.030954549999999997,0.03330638201542151,-0.09488858249999998,0.03385542750000003,0.18675,0.81325,7497.5158984810605,3027.684143096862,1.001261205534869,6.214499999999991e-4,0.0016215499999999994,0.001170850000000001,age,covariate,-0.0912305,0.0366037,,,,
sdo_d_dominance,sdo_dom,sdo_dom_z,sweep,0.4,permissive,gaussian,,TRUE,TRUE,ok,,b_gendermale,0.6657234999999999,0.06706736741581061,0.5367847,0.7961248000000001,1,0,7121.202041823336,2915.536482114482,1.0019054994639378,0.001211500000000032,0.0022134999999999794,0.0028225000000000056,gendermale,covariate,0.534921,0.79321,,,,
sdo_d_dominance,sdo_dom,sdo_dom_z,sweep,0.4,permissive,gaussian,,TRUE,TRUE,ok,,b_income_z,-0.0283164,0.032076952827952296,-0.0909891675,0.03488432500000004,0.19075,0.80925,7821.70534394798,3127.7654497449066,1.0004377747881865,6.428500000000004e-4,0.0015698499999999976,0.001666899999999999,income,covariate,-0.0868544,0.0381175,,,,
sdo_d_dominance,sdo_dom,sdo_dom_z,sweep,0.4,permissive,gaussian,,TRUE,TRUE,ok,,sigma,0.8823725,0.023821322398714023,0.8371861,0.93226135,1,0,5908.51390561452,2505.1134806490963,1.000642123097283,3.049999999999997e-4,0.0013655000000000195,0.001063499999999995,sigma,sigma,,,,,,
authoritarian_aggression,asc_agg,asc_agg_z,student_refit,0.2,student refit,student,4,TRUE,TRUE,ok,,b_Intercept,-0.209962,0.04539736066321492,-0.29554475,-0.11917135,0,1,8112.277963644887,3171.8483942341395,1.0000106973848881,9.244999999999948e-4,0.0024494999999999933,0.0018374999999999989,Intercept,intercept,-0.291424,-0.116507,,,,
authoritarian_aggression,asc_agg,asc_agg_z,student_refit,0.2,student refit,student,4,TRUE,TRUE,ok,,b_zm_security_z,0.00192145,0.03729989645172035,-0.06946158499999999,0.0741719425,0.52125,0.47875,6563.372642335534,2899.2225003432427,1.000217638297019,7.174000000000001e-4,0.0016084499999999974,0.0013144000000000003,zm_security,predictor,-0.0672992,0.0753295,,,,
authoritarian_aggression,asc_agg,asc_agg_z,student_refit,0.2,student refit,student,4,TRUE,TRUE,ok,,b_zm_arousal_z,-0.0196985,0.03604344916393111,-0.08816761249999999,0.054974942500000006,0.30225,0.69775,7369.262191819402,3275.542674009685,0.9996737287907832,5.421499999999999e-4,0.0017032999999999979,0.0016441500000000005,zm_arousal,predictor,-0.0891977,0.0538504,,,,
authoritarian_aggression,asc_agg,asc_agg_z,student_refit,0.2,student refit,student,4,TRUE,TRUE,ok,,b_zm_power_z,0.22316049999999998,0.03751997786719699,0.148864725,0.298424075,1,0,6578.788481504422,3192.671527193205,1.0012275831572308,5.760000000000071e-4,0.0015970000000000012,0.001632500000000009,zm_power,predictor,0.14815,0.296638,,,,
authoritarian_aggression,asc_agg,asc_agg_z,student_refit,0.2,student refit,student,4,TRUE,TRUE,ok,,b_zm_prestige_z,0.0332866,0.03751510838132515,-0.039588512499999985,0.10932162500000002,0.81625,0.18375,6698.736124113602,3183.264322432002,1.000329934468285,6.143499999999996e-4,0.0012665000000000003,0.0012705000000000008,zm_prestige,predictor,-0.0395849,0.109385,,,,
authoritarian_aggression,asc_agg,asc_agg_z,student_refit,0.2,student refit,student,4,TRUE,TRUE,ok,,b_zm_achievement_z,-0.0771412,0.03814855955731543,-0.15468869999999998,-0.0038350004999999467,0.02025,0.97975,6705.612505730236,2981.223135006713,1.001223941685711,5.713000000000037e-4,0.002263000000000001,0.002029575,zm_achievement,predictor,-0.150636,-0.00103108,,,,
authoritarian_aggression,asc_agg,asc_agg_z,student_refit,0.2,student refit,student,4,TRUE,TRUE,ok,,b_age_z,0.01973325,0.033668722109634966,-0.048175022499999984,0.08436145500000003,0.71875,0.28125,7012.370071309108,2840.035676511311,1.001465711096225,4.974000000000003e-4,0.0015954999999999997,0.0011745500000000034,age,covariate,-0.0464268,0.0860921,,,,
authoritarian_aggression,asc_agg,asc_agg_z,student_refit,0.2,student refit,student,4,TRUE,TRUE,ok,,b_gendermale,0.4139255,0.06796094408681279,0.28060454999999995,0.549585475,1,0,7264.6346938295055,3279.322448058255,0.9993232761600901,0.0010860000000000036,0.0033535000000000093,0.00256150000000005,gendermale,covariate,0.286269,0.553933,,,,
authoritarian_aggression,asc_agg,asc_agg_z,student_refit,0.2,student refit,student,4,TRUE,TRUE,ok,,b_income_z,-0.09125230000000001,0.03376683963318075,-0.15962719999999997,-0.02670173749999999,0.00325,0.99675,7237.9561158114,2912.3062275540356,1.0034602537939952,5.41800000000002e-4,0.0014090000000000075,0.00204525,income,covariate,-0.160387,-0.0281942,,,,
authoritarian_aggression,asc_agg,asc_agg_z,student_refit,0.2,student refit,student,4,TRUE,TRUE,ok,,sigma,0.744471,0.02638212926613116,0.69462775,0.7967360500000001,1,0,7496.191519261938,3023.9407284473878,1.0007335422531687,4.989999999999717e-4,0.0015800000000000258,0.0017240000000000033,sigma,sigma,,,,,,
authoritarian_submission,asc_sub,asc_sub_z,student_refit,0.2,student refit,student,4,FALSE,,unavailable,not triggered,,,,,,,,,,,,,,,,,,TRUE,,,
conventionalism,asc_conv,asc_conv_z,student_refit,0.2,student refit,student,4,FALSE,,unavailable,not triggered,,,,,,,,,,,,,,,,,,TRUE,,,
sdo_d_dominance,sdo_dom,sdo_dom_z,student_refit,0.2,student refit,student,4,FALSE,,unavailable,not triggered,,,,,,,,,,,,,,,,,,TRUE,,,
