outcome,predictor,term,generating,generating_compared,estimate,lower,upper,ci_level,excludes_zero,contains_generating,fit_valid
asc_agg,zm_security,zm_security,0,0,0.01327,-0.06361826749999998,0.08824401250000004,95,FALSE,TRUE,TRUE
asc_sub,zm_security,zm_security,0,0,-0.02828,-0.10717697499999997,0.048148275000000004,95,FALSE,TRUE,TRUE
asc_conv,zm_security,zm_security,0.2,0.2,0.15604849999999998,0.07985457250000003,0.22978017500000003,95,TRUE,TRUE,TRUE
sdo_dom,zm_security,zm_security,0,0,-0.005603965000000001,-0.07558862,0.06660708,95,FALSE,TRUE,TRUE
asc_agg,zm_arousal,zm_arousal,0,0,-0.0257919,-0.0985958,0.045841795000000005,95,FALSE,TRUE,TRUE
asc_sub,zm_arousal,zm_arousal,-0.2,-0.2,-0.130387,-0.20832007499999997,-0.05425755999999999,95,TRUE,TRUE,TRUE
asc_conv,zm_arousal,zm_arousal,-0.2,-0.2,-0.20172800000000002,-0.27443839999999997,-0.12612817499999995,95,TRUE,TRUE,TRUE
sdo_dom,zm_arousal,zm_arousal,0,0,-0.008804395,-0.07824764999999999,0.06250542750000002,95,FALSE,TRUE,TRUE
asc_agg,zm_power,zm_power,0.25,0.25,0.2167475,0.14121177500000004,0.29300774999999996,95,TRUE,TRUE,TRUE
asc_sub,zm_power,zm_power,0,0,-0.0160355,-0.0914361425,0.05988076250000002,95,FALSE,TRUE,TRUE
asc_conv,zm_power,zm_power,0,0,-0.032354049999999995,-0.108747025,0.042337785,95,FALSE,TRUE,TRUE
sdo_dom,zm_power,zm_power,0.25,0.25,0.212423,0.13761847500000002,0.28552545,95,TRUE,TRUE,TRUE
asc_agg,zm_prestige,zm_prestige,0,0,0.0361678,-0.04067387999999999,0.1163093,95,FALSE,TRUE,TRUE
asc_sub,zm_prestige,zm_prestige,0,0,0.0021592449999999997,-0.07803753,0.08423095500000002,95,FALSE,TRUE,TRUE
asc_conv,zm_prestige,zm_prestige,-0.15,-0.15,-0.0929305,-0.17236947499999997,-0.015189789999999996,95,TRUE,TRUE,TRUE
sdo_dom,zm_prestige,zm_prestige,0.15,0.15,0.1195005,0.04680325500000001,0.1916367,95,TRUE,TRUE,TRUE
asc_agg,zm_achievement,zm_achievement,-0.12,-0.12,-0.0964917,-0.170967725,-0.021484512499999983,95,TRUE,TRUE,TRUE
asc_sub,zm_achievement,zm_achievement,-0.15,-0.15,-0.11861949999999999,-0.19432357499999997,-0.03956882749999998,95,TRUE,TRUE,TRUE
asc_conv,zm_achievement,zm_achievement,-0.15,-0.15,-0.1343305,-0.210323425,-0.05904040999999998,95,TRUE,TRUE,TRUE
sdo_dom,zm_achievement,zm_achievement,0,0,0.027681650000000002,-0.04523278999999999,0.100647625,95,FALSE,TRUE,TRUE
asc_agg,age,age,0,0,0.002415855,-0.07039354499999999,0.07368150250000001,95,FALSE,TRUE,TRUE
asc_sub,age,age,0,0,0.041744699999999996,-0.030218709999999992,0.11188987500000003,95,FALSE,TRUE,TRUE
asc_conv,age,age,0.15,0.15,0.112692,0.043281035,0.1849411,95,TRUE,TRUE,TRUE
sdo_dom,age,age,0,0,-0.029736,-0.0960657125,0.03816852750000002,95,FALSE,TRUE,TRUE
asc_agg,male,gendermale,0.2,0.39982718223158875,0.3531835,0.2129060750000001,0.49202587500000006,95,TRUE,TRUE,TRUE
asc_sub,male,gendermale,0,0,-0.033594849999999996,-0.179229275,0.11291630000000001,95,FALSE,TRUE,TRUE
asc_conv,male,gendermale,0,0,-0.04162445,-0.18150434999999995,0.10111200000000004,95,FALSE,TRUE,TRUE
sdo_dom,male,gendermale,0.35,0.6996975689052802,0.6660655,0.5325091,0.79959815,95,TRUE,TRUE,TRUE
asc_agg,income,income,0,0,-0.0893932,-0.15799185,-0.02204727749999998,95,TRUE,FALSE,TRUE
asc_sub,income,income,0,0,-0.0138102,-0.08435152999999998,0.05743613750000001,95,FALSE,TRUE,TRUE
asc_conv,income,income,0,0,-0.04424675,-0.11501857499999998,0.024466232500000004,95,FALSE,TRUE,TRUE
sdo_dom,income,income,0,0,-0.02753075,-0.09342793499999998,0.03635178250000001,95,FALSE,TRUE,TRUE
