outcome_key,outcome,predictor,predicted_sign,response_column,role,slope_sd,label,family,nu_fixed,fit_available,variable,estimate,sd,q_lo,q_hi,p_positive,p_negative,ess_bulk,ess_tail,rhat,mcse_median,mcse_q_lo,mcse_q_hi,term_type,hdi_lo,hdi_hi,unavailable,r2_median,r2_lo,r2_hi,fit_valid,gate_status,note,credible_raw,credible,observed_sign,verdict
asc_agg,authoritarian_aggression,zm_security,+,asc_agg_z,primary,0.2,primary,gaussian,,TRUE,b_zm_security_z,0.01327,0.03872441532016367,-0.06361826749999998,0.08824401250000004,0.631,0.369,6867.68636551873,3272.045796553914,1.0008975522834516,7.774999999999995e-4,0.0014597500000000027,0.0017214499999999994,predictor,-0.0627932,0.0891643,,,,,TRUE,ok,,FALSE,FALSE,+,
asc_agg,authoritarian_aggression,zm_arousal,-,asc_agg_z,primary,0.2,primary,gaussian,,TRUE,b_zm_arousal_z,-0.0257919,0.036927263295291037,-0.0985958,0.045841795000000005,0.251,0.749,6850.454655398977,3398.0341741602397,1.0019571927863968,5.617499999999997e-4,0.0018374499999999974,0.0013859500000000004,predictor,-0.0964248,0.0473805,,,,,TRUE,ok,,FALSE,FALSE,-,
asc_agg,authoritarian_aggression,zm_power,+,asc_agg_z,primary,0.2,primary,gaussian,,TRUE,b_zm_power_z,0.2167475,0.038887263651614705,0.14121177500000004,0.29300774999999996,1,0,7015.919932355884,3619.671608255341,1.0003599957748395,5.774999999999947e-4,0.0027480000000000004,0.0018275000000000097,predictor,0.143645,0.29488,,,,,TRUE,ok,,TRUE,TRUE,+,confirmed
asc_agg,authoritarian_aggression,zm_prestige,±,asc_agg_z,primary,0.2,primary,gaussian,,TRUE,b_zm_prestige_z,0.0361678,0.04013782180346514,-0.04067387999999999,0.1163093,0.814,0.186,6358.769297566668,3165.7799437506933,1.00219318600886,8.758999999999989e-4,0.0012768000000000015,0.001573999999999999,predictor,-0.0453905,0.111206,,,,,TRUE,ok,,FALSE,FALSE,+,exploratory_not_credible
asc_agg,authoritarian_aggression,zm_achievement,-,asc_agg_z,primary,0.2,primary,gaussian,,TRUE,b_zm_achievement_z,-0.0964917,0.03914632823898742,-0.170967725,-0.021484512499999983,0.00675,0.99325,6522.068339485807,3383.6154696273343,1.000747334012561,6.506999999999971e-4,0.0016945000000000016,0.0016158500000000003,predictor,-0.171155,-0.0215517,,,,,TRUE,ok,,TRUE,TRUE,-,confirmed
asc_sub,authoritarian_submission,zm_security,+,asc_sub_z,primary,0.2,primary,gaussian,,TRUE,b_zm_security_z,-0.02828,0.03977036863428519,-0.10717697499999997,0.048148275000000004,0.231,0.769,7397.061284244245,2365.9805911551125,1.001656398812173,6.344000000000002e-4,0.0015975000000000017,0.0018481499999999998,predictor,-0.108748,0.0462667,,,,,TRUE,ok,,FALSE,FALSE,-,
asc_sub,authoritarian_submission,zm_arousal,-,asc_sub_z,primary,0.2,primary,gaussian,,TRUE,b_zm_arousal_z,-0.130387,0.03908785051610072,-0.20832007499999997,-0.05425755999999999,5e-4,0.9995,8760.653264200573,2907.829523362179,1.0013701854862602,5.859999999999893e-4,0.0015390000000000126,0.001700550000000002,predictor,-0.210242,-0.0563418,,,,,TRUE,ok,,TRUE,TRUE,-,confirmed
asc_sub,authoritarian_submission,zm_power,-,asc_sub_z,primary,0.2,primary,gaussian,,TRUE,b_zm_power_z,-0.0160355,0.039333535856679765,-0.0914361425,0.05988076250000002,0.349,0.651,7270.840420380342,3349.005329923127,1.0011545324585736,7.127499999999998e-4,0.0017876000000000003,0.0019262500000000009,predictor,-0.0917903,0.0590509,,,,,TRUE,ok,,FALSE,FALSE,-,
asc_sub,authoritarian_submission,zm_prestige,±,asc_sub_z,primary,0.2,primary,gaussian,,TRUE,b_zm_prestige_z,0.0021592449999999997,0.04090478597256575,-0.07803753,0.08423095500000002,0.5245,0.4755,6728.960128268423,3382.112624103802,1.0002100384257033,5.500199999999999e-4,0.0021819000000000005,0.0019102999999999967,predictor,-0.075237299999999993,0.0859075,,,,,TRUE,ok,,FALSE,FALSE,+,exploratory_not_credible
asc_sub,authoritarian_submission,zm_achievement,-,asc_sub_z,primary,0.2,primary,gaussian,,TRUE,b_zm_achievement_z,-0.11861949999999999,0.039063680415746996,-0.19432357499999997,-0.03956882749999998,0.00125,0.99875,6241.232377666186,3127.3818652365344,1.001204932907122,5.869999999999972e-4,0.0013130000000000086,0.0014396499999999972,predictor,-0.18834,-0.0340364,,,,,TRUE,ok,,TRUE,TRUE,-,confirmed
asc_conv,conventionalism,zm_security,+,asc_conv_z,primary,0.2,primary,gaussian,,TRUE,b_zm_security_z,0.15604849999999998,0.03844426032060865,0.07985457250000003,0.22978017500000003,1,0,7161.061086400626,3455.5646023714153,1.000077894679475,5.629999999999941e-4,0.001616850000000003,0.0016914999999999986,predictor,0.0743563,0.223208,,,,,TRUE,ok,,TRUE,TRUE,+,confirmed
asc_conv,conventionalism,zm_arousal,-,asc_conv_z,primary,0.2,primary,gaussian,,TRUE,b_zm_arousal_z,-0.20172800000000002,0.037689917591748785,-0.27443839999999997,-0.12612817499999995,0,1,7804.106015023982,3177.5936439383954,0.9993669840593591,7.754999999999984e-4,0.0013859999999999983,0.0014545000000000044,predictor,-0.274617,-0.126584,,,,,TRUE,ok,,TRUE,TRUE,-,confirmed
asc_conv,conventionalism,zm_power,+,asc_conv_z,primary,0.2,primary,gaussian,,TRUE,b_zm_power_z,-0.032354049999999995,0.038055871220881325,-0.108747025,0.042337785,0.1985,0.8015,6270.470991203861,3392.6764834515393,1.0008200920596289,7.185000000000004e-4,0.0024684999999999985,0.0012750000000000018,predictor,-0.105314,0.0438909,,,,,TRUE,ok,,FALSE,FALSE,-,
asc_conv,conventionalism,zm_prestige,±,asc_conv_z,primary,0.2,primary,gaussian,,TRUE,b_zm_prestige_z,-0.0929305,0.04015928542917468,-0.17236947499999997,-0.015189789999999996,0.0075,0.9925,6764.391417299902,3740.3222599389856,1.000860255115711,6.189500000000001e-4,0.0019025000000000014,0.0013586499999999994,predictor,-0.172354,-0.0151465,,,,,TRUE,ok,,TRUE,TRUE,-,exploratory_credible
asc_conv,conventionalism,zm_achievement,-,asc_conv_z,primary,0.2,primary,gaussian,,TRUE,b_zm_achievement_z,-0.1343305,0.03843199945972957,-0.210323425,-0.05904040999999998,0,1,6626.576954529469,3539.5716929522996,1.0004009361713564,5.739999999999912e-4,0.0016009999999999913,0.001568,predictor,-0.205895,-0.0551661,,,,,TRUE,ok,,TRUE,TRUE,-,confirmed
sdo_dom,sdo_d_dominance,zm_security,+,sdo_dom_z,primary,0.2,primary,gaussian,,TRUE,b_zm_security_z,-0.005603965000000001,0.03645300796577025,-0.07558862,0.06660708,0.43975,0.56025,7392.617624695113,3026.0756332503033,1.0003450940027125,4.4375000000000013e-4,0.0014353000000000005,0.0017489499999999991,predictor,-0.0770552,0.0644775,,,,,TRUE,ok,,FALSE,FALSE,-,
sdo_dom,sdo_d_dominance,zm_arousal,-,sdo_dom_z,primary,0.2,primary,gaussian,,TRUE,b_zm_arousal_z,-0.008804395,0.035456343692971494,-0.07824764999999999,0.06250542750000002,0.40425,0.59575,5414.597214313321,3144.321391821506,0.99987427657174,6.193199999999996e-4,0.00197725,0.0018714999999999982,predictor,-0.0763713,0.0637089,,,,,TRUE,ok,,FALSE,FALSE,-,
sdo_dom,sdo_d_dominance,zm_power,+,sdo_dom_z,primary,0.2,primary,gaussian,,TRUE,b_zm_power_z,0.212423,0.037417290459287114,0.13761847500000002,0.28552545,1,0,6074.511381343163,3140.89385528412,1.0004125985864123,4.829999999999973e-4,0.0021685000000000038,0.0017800000000000038,predictor,0.137813,0.285663,,,,,TRUE,ok,,TRUE,TRUE,+,confirmed
sdo_dom,sdo_d_dominance,zm_prestige,±,sdo_dom_z,primary,0.2,primary,gaussian,,TRUE,b_zm_prestige_z,0.1195005,0.037436776535643104,0.04680325500000001,0.1916367,0.999,0.001,6064.117824328976,3154.9660290734746,1.0007259424131976,5.964999999999998e-4,0.001719799999999997,0.002136000000000013,predictor,0.0459832,0.190793,,,,,TRUE,ok,,TRUE,TRUE,+,exploratory_credible
sdo_dom,sdo_d_dominance,zm_achievement,-,sdo_dom_z,primary,0.2,primary,gaussian,,TRUE,b_zm_achievement_z,0.027681650000000002,0.037098138677389564,-0.04523278999999999,0.100647625,0.774,0.226,6896.6854733663295,3243.517832432721,0.9998653181929339,5.944000000000001e-4,0.0015737500000000022,0.0018825499999999967,predictor,-0.0411115,0.103631,,,,,TRUE,ok,,FALSE,FALSE,+,
