scenario,slope_sd,true_effect,n_cells,n_cells_valid,n_replicates,share_fits_valid,n_cells_error,coverage_95,directional_error_rate,confirmed_rate,bias,n_per_replicate,chains,iter_per_chain,warmup,ess_target,ci_level
close_anchor_0.37,0.1,all,4000,3860,200,0.965,0,0.7362694300518134,0.010621761658031088,1,-0.0012775406686554407,650,2,500,500,250,0.95
close_anchor_0.37,0.1,-0.37,1800,1738,200,0.9655555555555555,0,0.7531645569620253,0,1,0.03861891887226697,650,2,500,500,250,0.95
close_anchor_0.37,0.1,0.37,1400,1350,200,0.9642857142857143,0,0.5940740740740741,0,1,-0.055124741851851844,650,2,500,500,250,0.95
close_anchor_0.37,0.2,all,4000,3880,200,0.97,0,0.9407216494845361,0.00979381443298969,1,2.4001445994844913e-4,650,2,500,500,250,0.95
close_anchor_0.37,0.2,-0.37,1800,1747,200,0.9705555555555555,0,0.9376073268460218,0,1,0.011492989982827701,650,2,500,500,250,0.95
close_anchor_0.37,0.2,0.37,1400,1357,200,0.9692857142857143,0,0.9388356669123066,0,1,-0.015340122328666172,650,2,500,500,250,0.95
close_anchor_0.37,0.4,all,4000,3840,200,0.96,0,0.95078125,0.010416666666666666,1,7.026287895533801e-4,650,2,500,500,250,0.95
close_anchor_0.37,0.4,-0.37,1800,1731,200,0.9616666666666667,0,0.951473136915078,0,1,0.0036400560369728475,650,2,500,500,250,0.95
close_anchor_0.37,0.4,0.37,1400,1341,200,0.9578571428571429,0,0.9515287099179717,0,1,-0.003562706189410873,650,2,500,500,250,0.95
opposing_signs_among_correlated_motives,0.1,all,4000,3875,200,0.96875,0,0.9143225806451613,0.023225806451612905,0.9580645161290322,-0.0020280992094193527,650,2,500,500,250,0.95
opposing_signs_among_correlated_motives,0.1,-0.182,800,775,200,0.96875,0,0.8270967741935484,0,0.9496774193548387,0.04115850870967742,650,2,500,500,250,0.95
opposing_signs_among_correlated_motives,0.1,0.182,800,775,200,0.96875,0,0.8606451612903225,0,0.9664516129032258,-0.0395798438064516,650,2,500,500,250,0.95
opposing_signs_among_correlated_motives,0.2,all,4000,3870,200,0.9675,0,0.9465116279069767,0.03152454780361757,0.979328165374677,-0.001080787368158916,650,2,500,500,250,0.95
opposing_signs_among_correlated_motives,0.2,-0.182,800,774,200,0.9675,0,0.9444444444444444,0,0.9767441860465116,0.013949188113695084,650,2,500,500,250,0.95
opposing_signs_among_correlated_motives,0.2,0.182,800,774,200,0.9675,0,0.9457364341085271,0,0.9819121447028424,-0.013100168410852708,650,2,500,500,250,0.95
opposing_signs_among_correlated_motives,0.4,all,4000,3835,200,0.95875,0,0.9483702737940026,0.03259452411994785,0.9784876140808344,-8.10574020584096e-4,650,2,500,500,250,0.95
opposing_signs_among_correlated_motives,0.4,-0.182,800,767,200,0.95875,0,0.9465449804432855,0,0.9752281616688396,0.004922931681877436,650,2,500,500,250,0.95
opposing_signs_among_correlated_motives,0.4,0.182,800,767,200,0.95875,0,0.9582790091264668,0,0.9817470664928292,-0.00509126701434159,650,2,500,500,250,0.95
working_range,0.1,all,4000,3805,200,0.95125,0,0.9319316688567674,0.022339027595269383,0.9419831223628692,-0.0017224321548643896,650,2,500,500,250,0.95
working_range,0.1,-0.2,400,379,200,0.9475,0,0.920844327176781,0,1,0.028059538126649082,650,2,500,500,250,0.95
working_range,0.1,-0.15,400,379,200,0.9475,0,0.9313984168865436,0,0.9129287598944591,0.0251235506596306,650,2,500,500,250,0.95
working_range,0.1,-0.12,200,192,200,0.96,0,0.921875,0,0.7239583333333334,0.02251637380208333,650,2,500,500,250,0.95
working_range,0.1,0.15,400,377,200,0.9425,0,0.9389920424403183,0,0.9389920424403183,-0.01842695212201591,650,2,500,500,250,0.95
working_range,0.1,0.2,200,187,200,0.935,0,0.8288770053475936,0,0.9946524064171123,-0.037595633957219265,650,2,500,500,250,0.95
working_range,0.1,0.25,400,382,200,0.955,0,0.8743455497382199,0,1,-0.03485199607329843,650,2,500,500,250,0.95
working_range,0.2,all,4000,3865,200,0.96625,0,0.9539456662354463,0.024062095730918498,0.949896694214876,-5.965781988046568e-4,650,2,500,500,250,0.95
working_range,0.2,-0.2,400,388,200,0.97,0,0.9561855670103093,0,1,0.008915423582474232,650,2,500,500,250,0.95
working_range,0.2,-0.15,400,388,200,0.97,0,0.9587628865979382,0,0.9252577319587629,0.00740432216494845,650,2,500,500,250,0.95
working_range,0.2,-0.12,200,194,200,0.97,0,0.9587628865979382,0,0.7577319587628866,0.0056603111855670065,650,2,500,500,250,0.95
working_range,0.2,0.15,400,386,200,0.965,0,0.9533678756476683,0,0.9481865284974094,-0.003838549740932638,650,2,500,500,250,0.95
working_range,0.2,0.2,200,195,200,0.975,0,0.9435897435897436,0,0.9948717948717949,-0.012680523589743602,650,2,500,500,250,0.95
working_range,0.2,0.25,400,385,200,0.9625,0,0.961038961038961,0,1,-0.010474053246753249,650,2,500,500,250,0.95
working_range,0.4,all,4000,3820,200,0.955,0,0.9518324607329843,0.027225130890052355,0.953305351521511,-3.929108397945034e-4,650,2,500,500,250,0.95
working_range,0.4,-0.2,400,382,200,0.955,0,0.9528795811518325,0,1,0.0026965462041884905,650,2,500,500,250,0.95
working_range,0.4,-0.15,400,382,200,0.955,0,0.9607329842931938,0,0.9424083769633508,0.002422217146596851,650,2,500,500,250,0.95
working_range,0.4,-0.12,200,189,200,0.945,0,0.9470899470899471,0,0.7619047619047619,-1.250772222222261e-4,650,2,500,500,250,0.95
working_range,0.4,0.15,400,382,200,0.955,0,0.9554973821989529,0,0.9424083769633508,-0.0011449599476439708,650,2,500,500,250,0.95
working_range,0.4,0.2,200,189,200,0.945,0,0.9629629629629629,0,1,-0.005574981481481493,650,2,500,500,250,0.95
working_range,0.4,0.25,400,382,200,0.955,0,0.9659685863874345,0,1,-0.0017692054973822047,650,2,500,500,250,0.95
zero,0.1,all,4000,3790,200,0.9475,0,0.9654353562005277,0.03456464379947229,,-1.6949430919525055e-4,650,2,500,500,250,0.95
zero,0.2,all,4000,3880,200,0.97,0,0.9512886597938144,0.04871134020618557,,4.107436005154631e-5,650,2,500,500,250,0.95
zero,0.4,all,4000,3880,200,0.97,0,0.9474226804123711,0.05257731958762887,,9.183954431701019e-5,650,2,500,500,250,0.95
