set_id,order,value_orig,label_de,label_en,value_corr,notes
show_button_1,1,1,Anzeigen,,1,
party_sympathy_minus3_3,1,-3,-3 überhaupt nichts,,-3,
party_sympathy_minus3_3,2,-2,-2,,-2,
party_sympathy_minus3_3,3,-1,-1,,-1,
party_sympathy_minus3_3,4,0,0,,0,
party_sympathy_minus3_3,5,1,+1,,1,
party_sympathy_minus3_3,6,2,+2,,2,
party_sympathy_minus3_3,7,3,+3 sehr viel,,3,
agree_1_6,1,1,Stimme überhaupt nicht zu,,1,
agree_1_6,2,2,Stimme nicht zu,,2,
agree_1_6,3,3,Stimme eher nicht zu,,3,
agree_1_6,4,4,Stimme eher zu,,4,
agree_1_6,5,5,Stimme zu,,5,
agree_1_6,6,6,Stimme voll und ganz zu,,6,
gender_1_3,1,1,Männlich,,1,
gender_1_3,2,2,Weiblich,,2,
gender_1_3,3,3,Divers,,3,
school_education_1_9,1,1,Schule beendet ohne Abschluss,,1,
school_education_1_9,2,2,"Hauptschulabschluss, Volksschulabschluss, Abschluss der polytechnischen Oberschule 8. oder 9. Klasse",,2,
school_education_1_9,3,3,"Realschulabschluss, Mittlere Reife, Fachschulreife oder Abschluss der polytechnischen Oberschule 10. Klasse",,3,
school_education_1_9,4,4,Fachhochschulreife,,4,
school_education_1_9,5,5,Abitur bzw. erweiterte Oberschule mit Abschluss 12. Klasse (Hochschulreife),,5,
school_education_1_9,6,9,Bin noch Schüler/in,,9,
bundesland_1_16,1,1,Schleswig-Holstein,,1,
bundesland_1_16,2,2,Hamburg,,2,
bundesland_1_16,3,3,Niedersachsen,,3,
bundesland_1_16,4,4,Bremen,,4,
bundesland_1_16,5,5,Nordrhein-Westfalen,,5,
bundesland_1_16,6,6,Hessen,,6,
bundesland_1_16,7,7,Rheinland-Pfalz,,7,
bundesland_1_16,8,8,Baden-Württemberg,,8,
bundesland_1_16,9,9,Bayern,,9,
bundesland_1_16,10,10,Saarland,,10,
bundesland_1_16,11,11,Berlin,,11,
bundesland_1_16,12,12,Brandenburg,,12,
bundesland_1_16,13,13,Mecklenburg-Vorpommern,,13,
bundesland_1_16,14,14,Sachsen,,14,
bundesland_1_16,15,15,Sachsen-Anhalt,,15,
bundesland_1_16,16,16,Thüringen,,16,
household_income_1_13,1,1,unter 500 Euro,,1,
household_income_1_13,2,2,500 bis unter 750 Euro,,2,
household_income_1_13,3,3,750 bis unter 1000 Euro,,3,
household_income_1_13,4,4,1000 bis unter 1250 Euro,,4,
household_income_1_13,5,5,1250 bis unter 1500 Euro,,5,
household_income_1_13,6,6,1500 bis unter 2000 Euro,,6,
household_income_1_13,7,7,2000 bis unter 2500 Euro,,7,
household_income_1_13,8,8,2500 bis unter 3000 Euro,,8,
household_income_1_13,9,9,3000 bis unter 4000 Euro,,9,
household_income_1_13,10,10,4000 bis unter 5000 Euro,,10,
household_income_1_13,11,11,5000 bis unter 7500 Euro,,11,
household_income_1_13,12,12,7500 bis unter 10000 Euro,,12,
household_income_1_13,13,13,10000 Euro und mehr,,13,
household_size_1_8,1,1,1 Person,,1,
household_size_1_8,2,2,2 Personen,,2,
household_size_1_8,3,3,3 Personen,,3,
household_size_1_8,4,4,4 Personen,,4,
household_size_1_8,5,5,5 Personen,,5,
household_size_1_8,6,6,6 Personen,,6,
household_size_1_8,7,7,7 Personen,,7,
household_size_1_8,8,8,8 Personen und mehr,,8,
yes_no_1_2,1,1,Ja,,1,
yes_no_1_2,2,2,Nein,,2,
gles_party_vote,1,1,CDU/CSU,,1,
gles_party_vote,2,4,SPD,,4,
gles_party_vote,3,5,FDP,,5,
gles_party_vote,4,6,Bündnis 90/Die Grünen,,6,
gles_party_vote,5,7,Die Linke,,7,
gles_party_vote,6,322,AfD,,322,
gles_party_vote,7,392,Bündnis Sahra Wagenknecht (BSW),,392,
gles_party_vote,8,801,Eine andere Partei und zwar,,801,
gles_party_vote,9,802,Ich würde ungültig wählen,,802,
left_right_0_10,1,0,0 - links,,0,
left_right_0_10,2,1,1,,1,
left_right_0_10,3,2,2,,2,
left_right_0_10,4,3,3,,3,
left_right_0_10,5,4,4,,4,
left_right_0_10,6,5,5,,5,
left_right_0_10,7,6,6,,6,
left_right_0_10,8,7,7,,7,
left_right_0_10,9,8,8,,8,
left_right_0_10,10,9,9,,9,
left_right_0_10,11,10,10 - rechts,,10,
agree_ich_1_6,1,1,Ich stimme überhaupt nicht zu,,1,
agree_ich_1_6,2,2,Ich stimme nicht zu,,2,
agree_ich_1_6,3,3,Ich stimme eher nicht zu,,3,
agree_ich_1_6,4,4,Ich stimme eher zu,,4,
agree_ich_1_6,5,5,Ich stimme zu,,5,
agree_ich_1_6,6,6,Ich stimme voll und ganz zu,,6,
importance_1_6,1,1,Nicht wichtig für mich,,1,
importance_1_6,2,2,Ein wenig wichtig für mich,,2,
importance_1_6,3,3,Etwas wichtig für mich,,3,
importance_1_6,4,4,Wichtig für mich,,4,
importance_1_6,5,5,Sehr wichtig für mich,,5,
importance_1_6,6,6,Außerordentlich wichtig für mich,,6,
consent_1_2,1,1,"Ja, ich willige ein und nehme an der Studie teil.",,1,
consent_1_2,2,2,"Nein, ich willige nicht ein und nehme nicht an der Studie teil.",,2,
