scale_key,z_col,scale,subscale,label,short_label,item_count,reverse_keyed_items,response_range,item_codes,order,notes,z_col_all,z_col_known_gender
zm_achievement,zm_achievement_z,UMS-6 (Schoenbrodt & Gerstenberg 2012),Achievement,achievement,achievement,6,,1-6,UMS_ach_1; UMS_ach_2; UMS_ach_3; UMS_ach_4; UMS_ach_5; UMS_ach_6,5,Scale score is the row mean after reverse-scoring flagged items; z_col is z-standardised downstream.,zm_achievement_z_all,zm_achievement_z_known_gender
zm_security,zm_security_z,UMS-6 (Schoenbrodt & Gerstenberg 2012),Intimacy,security,security,6,,1-6,UMS_int_1; UMS_int_2; UMS_int_3; UMS_int_4; UMS_int_5; UMS_int_6,1,Scale score is the row mean after reverse-scoring flagged items; z_col is z-standardised downstream.,zm_security_z_all,zm_security_z_known_gender
zm_power,zm_power_z,DoPL-6 (Suessenbach et al. 2019),Dominance,power,power,6,,1-6,DOPL_dom_1; DOPL_dom_2; DOPL_dom_3; DOPL_dom_4; DOPL_dom_5; DOPL_dom_6,3,Scale score is the row mean after reverse-scoring flagged items; z_col is z-standardised downstream.,zm_power_z_all,zm_power_z_known_gender
zm_prestige,zm_prestige_z,DoPL-6 (Suessenbach et al. 2019),Prestige,prestige,prestige,6,,1-6,DOPL_pre_1; DOPL_pre_2; DOPL_pre_3; DOPL_pre_4; DOPL_pre_5; DOPL_pre_6,4,Scale score is the row mean after reverse-scoring flagged items; z_col is z-standardised downstream.,zm_prestige_z_all,zm_prestige_z_known_gender
zm_arousal,zm_arousal_z,Social neophilia,Social neophilia,arousal,arousal,6,UNT_1_r; UNT_4_r,1-6,UNT_1_r; UNT_2; UNT_3; UNT_4_r; UNT_5; UNT_6,2,Scale score is the row mean after reverse-scoring flagged items; z_col is z-standardised downstream.,zm_arousal_z_all,zm_arousal_z_known_gender
asc_agg,asc_agg_z,ASC (Dunwoody & Funke 2016),Authoritarian aggression,Authoritarian aggression,ASC aggression,6,ASC_aag_3_r; ASC_aag_4_r; ASC_aag_5_r,1-6,ASC_aag_1; ASC_aag_2; ASC_aag_3_r; ASC_aag_4_r; ASC_aag_5_r; ASC_aag_6,6,Scale score is the row mean after reverse-scoring flagged items; z_col is z-standardised downstream.,asc_agg_z_all,asc_agg_z_known_gender
asc_sub,asc_sub_z,ASC (Dunwoody & Funke 2016),Authoritarian submission,Authoritarian submission,ASC submission,6,ASC_asu_3_r; ASC_asu_5_r; ASC_asu_6_r,1-6,ASC_asu_1; ASC_asu_2; ASC_asu_3_r; ASC_asu_4; ASC_asu_5_r; ASC_asu_6_r,7,Scale score is the row mean after reverse-scoring flagged items; z_col is z-standardised downstream.,asc_sub_z_all,asc_sub_z_known_gender
asc_conv,asc_conv_z,ASC (Dunwoody & Funke 2016),Conventionalism,Conventionalism,Conventionalism,7,ASC_con_1_r; ASC_con_5_r; ASC_con_6_r,1-6,ASC_con_1_r; ASC_con_2; ASC_con_3; ASC_con_4; ASC_con_5_r; ASC_con_6_r; ASC_con_7,8,Scale score is the row mean after reverse-scoring flagged items; z_col is z-standardised downstream.,asc_conv_z_all,asc_conv_z_known_gender
sdo_dom,sdo_dom_z,"SDO-D, dominance subscale (Ho et al. 2015)",Dominance,Social dominance orientation: dominance,SDO-D,8,SDO-D_5_r; SDO-D_6_r; SDO-D_7_r; SDO-D_8_r,1-6,SDO-D_1; SDO-D_2; SDO-D_3; SDO-D_4; SDO-D_5_r; SDO-D_6_r; SDO-D_7_r; SDO-D_8_r,9,Scale score is the row mean after reverse-scoring flagged items; z_col is z-standardised downstream.,sdo_dom_z_all,sdo_dom_z_known_gender
